類別,法規名稱,狀態,官方來源,檔案,附件數,基本資料
全國性法律,「教保服務人員條例」第四十一條第一項之解釋令,個別解釋令或生效公告，排除,https://edu.law.moe.gov.tw/LawContent.aspx?id=GL002068,,0,法規名稱： 「教保服務人員條例」第四十一條第一項之解釋令 公發布日： 民國 110 年 04 月 29 日 發文字號： 臺教授國部字第1100031056B號 令 法規體系： 國民及學前教育
全國性法律,中低收入家庭幼童托教補助實施計畫,完成,https://edu.law.moe.gov.tw/LawContent.aspx?id=FL028654,全國性法律\中低收入家庭幼童托教補助實施計畫.html,0,法規名稱： 中低收入家庭幼童托教補助實施計畫 公發布日： 民國 93 年 01 月 06 日 修正日期： 民國 99 年 06 月 04 日 發文字號： 內政部台內童字第09908401902號;教育部台國(三)字第0990081514B號 法規體系： 國民及學前教育
全國性法律,個人資料保護法,完成,https://law.moj.gov.tw/LawClass/LawAll.aspx?pcode=I0050021,全國性法律\個人資料保護法.html,0,法規名稱： 個人資料保護法 EN 修正日期： 民國 114 年 11 月 11 日 生效狀態： ※本法規部分或全部條文尚未生效，最後生效日期：未定 連結舊法規內容 1.一百十二年五月三十一日增訂之第 1-1  條條文，施行日期，由行政院定之。 2.一百十四年十一月十一日修正第 1-1、12、18、21、22～26、41、47～49、52、53、55  條條文；增訂第 1-2、20-1、21-1～21-5、51-1、53-1  條條文及第三章之一章名、第一節節名、第二節節名；刪除第 27 條條文，施行日期，由行政院定之。 法規類別： 行政 ＞ 個人資料保護委員會籌備處 ＞ 通用目
全國性法律,偏遠地區國民小學附設幼兒園招收幼兒辦法,完成,https://edu.law.moe.gov.tw/LawContent.aspx?id=GL001783,全國性法律\偏遠地區國民小學附設幼兒園招收幼兒辦法.html,1,法規名稱： 偏遠地區國民小學附設幼兒園招收幼兒辦法 公發布日： 民國 107 年 07 月 06 日 發文字號： 臺教授國部字第1070066076B號 令 法規體系： 國民及學前教育 立法理由： 1070706立法理由.pdf
全國性法律,兒童及少年福利與權益保障法,完成,https://law.moj.gov.tw/LawClass/LawAll.aspx?pcode=D0050001,全國性法律\兒童及少年福利與權益保障法.html,0,法規名稱： 兒童及少年福利與權益保障法 EN 修正日期： 民國 110 年 01 月 20 日 法規類別： 行政 ＞ 衛生福利部 ＞ 社會及家庭目
全國性法律,兒童及少年福利與權益保障法施行細則,完成,https://law.moj.gov.tw/LawClass/LawAll.aspx?pcode=D0050010,全國性法律\兒童及少年福利與權益保障法施行細則.html,0,法規名稱： 兒童及少年福利與權益保障法施行細則 EN 修正日期： 民國 109 年 02 月 20 日 法規類別： 行政 ＞ 衛生福利部 ＞ 社會及家庭目
全國性法律,公告「一百零二學年至一百零六學年幼兒就讀幼兒園補助辦法之幼兒園應符合法令規定之項目」,完成,https://edu.law.moe.gov.tw/LawContent.aspx?id=GL001093,全國性法律\公告「一百零二學年至一百零六學年幼兒就讀幼兒園補助辦法之幼兒園應符合法令規定之項目」.html,0,法規名稱： 公告「一百零二學年至一百零六學年幼兒就讀幼兒園補助辦法之幼兒園應符合法令規定之項目」 公發布日： 民國 104 年 05 月 08 日 發文字號： 臺教授國部字第1020015513A號公告 法規體系： 國民及學前教育
全國性法律,公立幼兒園契約進用人員之進用考核及待遇辦法,完成,https://edu.law.moe.gov.tw/LawContent.aspx?id=GL000639,全國性法律\公立幼兒園契約進用人員之進用考核及待遇辦法.html,5,法規名稱： 公立幼兒園契約進用人員之進用考核及待遇辦法 公發布日： 民國 101 年 04 月 27 日 修正日期： 民國 115 年 06 月 30 日 發文字號： 臺教授國部字第1155601478A號 令 法規體系： 國民及學前教育 立法理由： 1120227立法理由.pdf 1121225立法理由.pdf 1131231立法理由.pdf 1150630立法理由.pdf 圖表附件： (1131231)公立幼兒園契約進用人員之進用考核及待遇辦法附表.pdf
全國性法律,公立幼兒園契約進用人員之進用考核及待遇辦法 解釋令,個別解釋令或生效公告，排除,https://edu.law.moe.gov.tw/LawContent.aspx?id=GL001895,,0,法規名稱： 公立幼兒園契約進用人員之進用考核及待遇辦法 解釋令 公發布日： 民國 107 年 01 月 11 日 發文字號： 臺教授國部字第1080054502B號 令 法規體系： 國民及學前教育
全國性法律,公立幼兒園契約進用人員之進用考核及待遇辦法 解釋令,個別解釋令或生效公告，排除,https://edu.law.moe.gov.tw/LawContent.aspx?id=GL001837,,0,法規名稱： 公立幼兒園契約進用人員之進用考核及待遇辦法 解釋令 公發布日： 民國 107 年 12 月 17 日 發文字號： 臺教授國部字第1070114489B號 令 法規體系： 國民及學前教育
全國性法律,公立幼兒園教保服務人員請假辦法,完成,https://edu.law.moe.gov.tw/LawContent.aspx?id=GL000701,全國性法律\公立幼兒園教保服務人員請假辦法.html,5,法規名稱： 公立幼兒園教保服務人員請假辦法 公發布日： 民國 101 年 09 月 14 日 修正日期： 民國 115 年 05 月 27 日 發文字號： 臺教授國部字第1155601166A號 令 法規體系： 國民及學前教育 立法理由： 1070327立法理由.pdf 1080501立法理由.pdf 1120227立法理由.pdf 1131231立法理由.pdf 1150527立法理由.pdf
全國性法律,勞動基準法,完成,https://law.moj.gov.tw/LawClass/LawAll.aspx?pcode=N0030001,全國性法律\勞動基準法.html,0,法規名稱： 勞動基準法 EN 修正日期： 民國 113 年 07 月 31 日 法規類別： 行政 ＞ 勞動部 ＞ 勞動條件及就業平等目
全國性法律,勞動基準法施行細則,完成,https://law.moj.gov.tw/LawClass/LawAll.aspx?pcode=N0030002,全國性法律\勞動基準法施行細則.html,0,法規名稱： 勞動基準法施行細則 EN 修正日期： 民國 113 年 03 月 27 日 法規類別： 行政 ＞ 勞動部 ＞ 勞動條件及就業平等目
全國性法律,原住民幼兒就讀公私立幼稚園學費補助辦法,已廢止或停止適用，排除,https://edu.law.moe.gov.tw/LawContent.aspx?id=FL035104,,0,法規名稱： 廢 原住民幼兒就讀公私立幼稚園學費補助辦法 公發布日： 民國 94 年 04 月 14 日 廢止日期： 民國 102 年 10 月 04 日 發文字號： 臺教授國部字第1020069038B號;原民教字第10200453481號 令 法規體系： 國民及學前教育 立法理由： 原住民幼兒就讀公私立幼稚園學費補助辦法 立法理由.txt 0940414立法理由.pdf 0961025立法理由.pdf 0971126立法理由.pdf 0981013立法理由.pdf 0991228立法理由.pdf 1001111立法理由.pdf
全國性法律,原住民幼兒就讀公私立幼稚園學費補助辦法生效令,個別解釋令或生效公告，排除,https://edu.law.moe.gov.tw/LawContent.aspx?id=GL000592,,0,法規名稱： 原住民幼兒就讀公私立幼稚園學費補助辦法生效令 公發布日： 民國 100 年 11 月 29 日 發文字號： 臺國(三)字第1000205162C號 令 法規體系： 國民及學前教育
全國性法律,各教育階段身心障礙學生與幼兒轉銜服務資料通報注意事項,完成,https://edu.law.moe.gov.tw/LawContent.aspx?id=GL000093,全國性法律\各教育階段身心障礙學生與幼兒轉銜服務資料通報注意事項.html,1,法規名稱： 各教育階段身心障礙學生與幼兒轉銜服務資料通報注意事項 公發布日： 民國 91 年 05 月 10 日 修正日期： 民國 114 年 04 月 17 日 發文字號： 臺教學（四）字第1142801433A號 令 法規體系： 學生事務及特殊教育 圖表附件： 各教育階段身心障礙學生與幼兒轉銜服務資料表(1140417).pdf
全國性法律,各教育階段身心障礙學生與幼兒轉銜輔導及服務辦法,完成,https://edu.law.moe.gov.tw/LawContent.aspx?id=GL000431,全國性法律\各教育階段身心障礙學生與幼兒轉銜輔導及服務辦法.html,2,法規名稱： 各教育階段身心障礙學生與幼兒轉銜輔導及服務辦法 公發布日： 民國 99 年 07 月 15 日 修正日期： 民國 112 年 12 月 19 日 發文字號： 臺教學（四）字第1122806413A號 令 法規體系： 學生事務及特殊教育 立法理由： 0990715立法理由.pdf 1121219立法理由.pdf
全國性法律,各直轄市縣（市）政府及師資培育之大學申請辦理高級中等以下學校及幼兒園教師證書注意事項,完成,https://edu.law.moe.gov.tw/LawContent.aspx?id=GL000374,全國性法律\各直轄市縣（市）政府及師資培育之大學申請辦理高級中等以下學校及幼兒園教師證書注意事項.html,4,法規名稱： 各直轄市縣（市）政府及師資培育之大學申請辦理高級中等以下學校及幼兒園教師證書注意事項 公發布日： 民國 99 年 04 月 19 日 修正日期： 民國 114 年 09 月 10 日 發文字號： 臺教師（四）字第1142602254A號 令 法規體系： 師資培育及藝術教育 圖表附件： 1071016附件.pdf 1100318附件.pdf (113.04.12)各直轄市縣（市）政府及師資培育之大學申請辦理高級中等以下學校及幼兒園教師證書注意事項第三點附件七、附件七之二修正規定.pdf (1140917)第三點附件二至附件七、附件七之一、附件七之二、附件十至附件十二.pdf
全國性法律,各級學校及幼兒園通報兒童少年保護與家庭暴力及性侵害事件注意事項及處理流程,完成,https://edu.law.moe.gov.tw/LawContent.aspx?id=GL000547,全國性法律\各級學校及幼兒園通報兒童少年保護與家庭暴力及性侵害事件注意事項及處理流程.html,4,法規名稱： 各級學校及幼兒園通報兒童少年保護與家庭暴力及性侵害事件注意事項及處理流程 公發布日： 民國 94 年 05 月 03 日 修正日期： 民國 102 年 04 月 12 日 發文字號： 臺教學(三)字第1020041588C號 令 法規體系： 學生事務及特殊教育 圖表附件： 附件一.doc 附件二-通報表.doc 附件三-通報表.doc 附件四-保護輔導工作流程圖.doc
全國性法律,因應H7N9流感國民中小學及幼兒園停課與課業學習及成績評量作業要點,完成,https://edu.law.moe.gov.tw/LawContent.aspx?id=GL001125,全國性法律\因應H7N9流感國民中小學及幼兒園停課與課業學習及成績評量作業要點.html,1,法規名稱： 因應H7N9流感國民中小學及幼兒園停課與課業學習及成績評量作業要點 公發布日： 民國 102 年 05 月 30 日 發文字號： 臺教授國部字第1020042256B號 令 法規體系： 國民及學前教育 圖表附件： 行政院公報電子檔.pdf
全國性法律,國內專科以上學校教保相關系科認可辦法,完成,https://edu.law.moe.gov.tw/LawContent.aspx?id=GL000682,全國性法律\國內專科以上學校教保相關系科認可辦法.html,6,法規名稱： 國內專科以上學校教保相關系科認可辦法 公發布日： 民國 101 年 07 月 26 日 修正日期： 民國 109 年 03 月 06 日 發文字號： 臺教師(二)字第1090010773B號 令 法規體系： 師資培育及藝術教育 立法理由： 1010726立法理由.pdf 1030425立法理由.pdf 1070301立法理由.pdf 1071012立法理由.pdf 1090306立法理由.pdf 圖表附件： 第五條附件.pdf
全國性法律,國立自然科學博物館幼兒科學園團體參觀教學預約作業要點,完成,https://edu.law.moe.gov.tw/LawContent.aspx?id=GL002361,全國性法律\國立自然科學博物館幼兒科學園團體參觀教學預約作業要點.html,0,法規名稱： 國立自然科學博物館幼兒科學園團體參觀教學預約作業要點 公發布日： 民國 114 年 08 月 28 日 發文字號： 館科字第1140007979A號 令 法規體系： 終身教育
全國性法律,學生輔導法,完成,https://edu.law.moe.gov.tw/LawContent.aspx?id=GL001380,全國性法律\學生輔導法.html,0,法規名稱： 學生輔導法 英 公發布日： 民國 103 年 11 月 12 日 修正日期： 民國 113 年 12 月 18 日 發文字號： 華總一義字第11300118951號 令 法規體系： 教育通用
全國性法律,專科以上學校教保相關系科申請培育教保員審認注意事項,完成,https://edu.law.moe.gov.tw/LawContent.aspx?id=GL001099,全國性法律\專科以上學校教保相關系科申請培育教保員審認注意事項.html,0,法規名稱： 專科以上學校教保相關系科申請培育教保員審認注意事項 公發布日： 民國 102 年 04 月 10 日 修正日期： 民國 113 年 09 月 24 日 發文字號： 臺教師（二）字第1132603039A號 令 法規體系： 師資培育及藝術教育
全國性法律,專科以上學校教保相關系科評鑑辦法,完成,https://edu.law.moe.gov.tw/LawContent.aspx?id=GL001737,全國性法律\專科以上學校教保相關系科評鑑辦法.html,2,法規名稱： 專科以上學校教保相關系科評鑑辦法 公發布日： 民國 107 年 04 月 02 日 修正日期： 民國 113 年 03 月 12 日 發文字號： 臺教師（二）字第1132600529A號 令 法規體系： 師資培育及藝術教育 立法理由： 專科以上學校教保相關系科評鑑辦法總說明及逐條說明.pdf 1130312立法理由.pdf
全國性法律,就讀私立幼兒園社會福利機構之身心障礙幼兒及招收單位獎補助辦法,完成,https://edu.law.moe.gov.tw/LawContent.aspx?id=GL000468,全國性法律\就讀私立幼兒園社會福利機構之身心障礙幼兒及招收單位獎補助辦法.html,4,法規名稱： 就讀私立幼兒園社會福利機構之身心障礙幼兒及招收單位獎補助辦法 公發布日： 民國 99 年 11 月 02 日 修正日期： 民國 114 年 12 月 31 日 發文字號： 臺教授國部字第1145603176A號 令 法規體系： 國民及學前教育 立法理由： 0991102立法理由.pdf 1021120立法理由.pdf 1120923立法理由.pdf 1141231立法理由.pdf
全國性法律,師資培育之大學辦理高級中等以下學校及幼兒園教師在職進修學分班計畫審查要點,完成,https://edu.law.moe.gov.tw/LawContent.aspx?id=FL023399,全國性法律\師資培育之大學辦理高級中等以下學校及幼兒園教師在職進修學分班計畫審查要點.html,7,法規名稱： 師資培育之大學辦理高級中等以下學校及幼兒園教師在職進修學分班計畫審查要點 公發布日： 民國 87 年 05 月 12 日 修正日期： 民國 111 年 06 月 28 日 發文字號： 臺教師（三）字第1112600779A號 令 法規體系： 師資培育及藝術教育 圖表附件： 行政院公報電子檔.pdf 附件一（校名）辦理○○○學年度高級中等以下學校及幼稚園教師在職進修學分班開班計畫表﹝一式二份﹞.DOC 附件二（單位名稱）　辦理　年度（班別名稱）班實施計畫.DOC 附件三﹝校名﹞○○○學年度高級中等以下學校及幼稚園教師在職進修學分班辦理情形彙整表.DOC 附件四.doc 附件五.doc (111.06.28)附件1~5.pdf
全國性法律,師資培育法,完成,https://edu.law.moe.gov.tw/LawContent.aspx?id=FL008769,全國性法律\師資培育法.html,0,法規名稱： 師資培育法 英 公發布日： 民國 68 年 11 月 21 日 修正日期： 民國 108 年 12 月 11 日 發文字號： 華總一義字第10800134431號 令 法規體系： 師資培育及藝術教育
全國性法律,師資培育法施行細則,完成,https://edu.law.moe.gov.tw/LawContent.aspx?id=FL008776,全國性法律\師資培育法施行細則.html,3,法規名稱： 師資培育法施行細則 公發布日： 民國 84 年 02 月 22 日 修正日期： 民國 107 年 01 月 18 日 發文字號： 臺教師(二)字第1060193270B號 令 法規體系： 師資培育及藝術教育 立法理由： 0980826立法理由.pdf 1000104立法理由.pdf 1000118立法理由.pdf
全國性法律,幼兒園不適任教保服務人員之通報與資訊蒐集及查詢辦法,已廢止或停止適用，排除,https://edu.law.moe.gov.tw/LawContent.aspx?id=GL001741,,0,法規名稱： 廢 幼兒園不適任教保服務人員之通報與資訊蒐集及查詢辦法 公發布日： 民國 107 年 03 月 29 日 廢止日期： 民國 112 年 02 月 27 日 發文字號： 臺教授國部字第1120017259A號 令 法規體系： 國民及學前教育 立法理由： 幼兒園不適任教保服務人員之通報與資訊蒐集及查詢辦法總說明及逐條說明.pdf
全國性法律,幼兒園兼辦國民小學兒童課後照顧服務辦法,完成,https://edu.law.moe.gov.tw/LawContent.aspx?id=GL000622,全國性法律\幼兒園兼辦國民小學兒童課後照顧服務辦法.html,4,法規名稱： 幼兒園兼辦國民小學兒童課後照顧服務辦法 公發布日： 民國 101 年 03 月 19 日 修正日期： 民國 112 年 02 月 27 日 發文字號： 臺教授國部字第1120015550A號 令 法規體系： 國民及學前教育 立法理由： 1030117立法理由.pdf 1041103立法理由.pdf (112.2.27)幼兒園兼辦國民小學兒童課後照顧服務辦法第一條、第二條、第十條修正總說明及對照表.pdf 1080507立法理由.pdf
全國性法律,幼兒園及其分班基本設施設備標準,完成,https://edu.law.moe.gov.tw/LawContent.aspx?id=GL000628,全國性法律\幼兒園及其分班基本設施設備標準.html,6,法規名稱： 幼兒園及其分班基本設施設備標準 公發布日： 民國 101 年 04 月 03 日 修正日期： 民國 115 年 07 月 24 日 發文字號： 臺教授國部字第1155601667A號 令 法規體系： 國民及學前教育 立法理由： 1010403立法理由.pdf 1010815立法理由.pdf 1010815勘誤表.pdf 1080710立法理由.pdf 1150724立法理由.pdf 圖表附件： 1150724第24條附表修正規定.pdf
全國性法律,幼兒園園長專業訓練辦法,完成,https://edu.law.moe.gov.tw/LawContent.aspx?id=GL000673,全國性法律\幼兒園園長專業訓練辦法.html,5,法規名稱： 幼兒園園長專業訓練辦法 公發布日： 民國 101 年 07 月 18 日 修正日期： 民國 114 年 08 月 21 日 發文字號： 臺教授國部字第1145601967A號 令 法規體系： 國民及學前教育 立法理由： 1010718立法理由.pdf 1080327立法理由.pdf 1120227立法理由.pdf 1140821立法理由.pdf 圖表附件： 1140821第5條附表.pdf
全國性法律,幼兒園在職人員修習幼兒園教師師資職前教育課程辦法,完成,https://edu.law.moe.gov.tw/LawContent.aspx?id=FL025745,全國性法律\幼兒園在職人員修習幼兒園教師師資職前教育課程辦法.html,1,法規名稱： 幼兒園在職人員修習幼兒園教師師資職前教育課程辦法 公發布日： 民國 92 年 08 月 01 日 修正日期： 民國 107 年 04 月 02 日 發文字號： 臺教師(二)字第1070034639B號 令 法規體系： 師資培育及藝術教育 立法理由： 幼兒園在職人員修習幼兒園教師師資職前教育課程辦法總說明及對照表.pdf
全國性法律,幼兒園在職教保員修習幼兒園師資職前教育課程專班學分費補助辦法,完成,https://edu.law.moe.gov.tw/LawContent.aspx?id=GL001506,全國性法律\幼兒園在職教保員修習幼兒園師資職前教育課程專班學分費補助辦法.html,5,法規名稱： 幼兒園在職教保員修習幼兒園師資職前教育課程專班學分費補助辦法 公發布日： 民國 104 年 12 月 28 日 修正日期： 民國 112 年 02 月 27 日 發文字號： 臺教師（二）字第1122600410A號 令 法規體系： 師資培育及藝術教育 立法理由： 1041228立法理由.pdf 1060822立法理由.pdf 1070330立法理由.pdf 1070727立法理由.pdf (112.2.27)幼兒園在職教保員修習幼兒園師資職前教育課程專班學分費補助辦法第一條、第二條修正總說明及對照表.pdf
全國性法律,幼兒園幼童專用車輛與其駕駛人及隨車人員督導管理辦法,完成,https://edu.law.moe.gov.tw/LawContent.aspx?id=GL000661,全國性法律\幼兒園幼童專用車輛與其駕駛人及隨車人員督導管理辦法.html,4,法規名稱： 幼兒園幼童專用車輛與其駕駛人及隨車人員督導管理辦法 公發布日： 民國 101 年 06 月 13 日 修正日期： 民國 112 年 02 月 27 日 發文字號： 臺教授國部字第1120013190A號;交路字第11200046351號 令 法規體系： 國民及學前教育 立法理由： 1010613立法理由.pdf 1021202立法理由.pdf 1080329立法理由.pdf (112.2.27)幼兒園幼童專用車輛與其駕駛人及隨車人員督導管理辦法部分條文修正總說明及對照表.pdf
全國性法律,幼兒園教保活動課程大綱,完成,https://edu.law.moe.gov.tw/LawContent.aspx?id=GL001586,全國性法律\幼兒園教保活動課程大綱.html,1,法規名稱： 幼兒園教保活動課程大綱 公發布日： 民國 105 年 12 月 01 日 發文字號： 臺教授國部字第1050129763B號 令 法規體系： 國民及學前教育 圖表附件： 1051201幼兒園教保活動課程大綱.pdf
全國性法律,幼兒園教保活動課程暫行大綱,暫行舊綱，改收錄幼兒園教保活動課程大綱,https://edu.law.moe.gov.tw/LawContent.aspx?id=GL000714,,0,法規名稱： 幼兒園教保活動課程暫行大綱 公發布日： 民國 101 年 10 月 05 日 發文字號： 臺國(三)字第1010181618C號 令 法規體系： 國民及學前教育
全國性法律,幼兒園與其分班設立變更及管理辦法,完成,https://edu.law.moe.gov.tw/LawContent.aspx?id=GL000598,全國性法律\幼兒園與其分班設立變更及管理辦法.html,3,法規名稱： 幼兒園與其分班設立變更及管理辦法 公發布日： 民國 101 年 01 月 11 日 修正日期： 民國 112 年 02 月 27 日 發文字號： 臺教授國部字第1120014595A號 令 法規體系： 國民及學前教育 立法理由： 1100712立法理由.pdf (111.2.27)幼兒園與其分班設立變更及管理辦法部分條文修正總說明及對照表.pdf 圖表附件： 附件.odt
全國性法律,幼兒園與其分班設立變更及管理辦法第六條第一項第二款之解釋,個別解釋令或生效公告，排除,https://edu.law.moe.gov.tw/LawContent.aspx?id=GL001265,,0,法規名稱： 廢 幼兒園與其分班設立變更及管理辦法第六條第一項第二款之解釋 公發布日： 民國 103 年 01 月 23 日 發文字號： 台教授國部字第1040056215B號令 法規體系： 國民及學前教育
全國性法律,幼兒園行政組織及員額編制標準,完成,https://edu.law.moe.gov.tw/LawContent.aspx?id=GL000689,全國性法律\幼兒園行政組織及員額編制標準.html,5,法規名稱： 幼兒園行政組織及員額編制標準 公發布日： 民國 101 年 08 月 01 日 修正日期： 民國 114 年 07 月 31 日 發文字號： 臺教授國部字第1145601825A號 令 法規體系： 國民及學前教育 立法理由： 1010801立法理由.pdf 1080528立法理由.pdf 1080703勘誤表.pdf 1120227立法理由.pdf 1140731立法理由.pdf
全國性法律,幼兒園評鑑辦法,完成,https://edu.law.moe.gov.tw/LawContent.aspx?id=GL000643,全國性法律\幼兒園評鑑辦法.html,3,法規名稱： 幼兒園評鑑辦法 公發布日： 民國 101 年 05 月 04 日 修正日期： 民國 112 年 02 月 27 日 發文字號： 臺教授國部字第1120014464A號 令 法規體系： 國民及學前教育 立法理由： 1010504立法理由.pdf 1080510立法理由.pdf (112.2.27)幼兒園評鑑辦法第一條、第十一條修正總說明及對照表.pdf
全國性法律,幼兒園餐點食物內容及營養基準,完成,https://edu.law.moe.gov.tw/LawContent.aspx?id=GL002206,全國性法律\幼兒園餐點食物內容及營養基準.html,1,法規名稱： 幼兒園餐點食物內容及營養基準 公發布日： 民國 112 年 03 月 27 日 發文字號： 臺教授國部字第1120029103A號 令 法規體系： 國民及學前教育 圖表附件： (112.3.27)幼兒園餐點食物內容及營養基準.pdf
全國性法律,幼兒就讀教保服務機構補助辦法,完成,https://edu.law.moe.gov.tw/LawContent.aspx?id=GL000693,全國性法律\幼兒就讀教保服務機構補助辦法.html,2,法規名稱： 幼兒就讀教保服務機構補助辦法 公發布日： 民國 101 年 08 月 21 日 修正日期： 民國 110 年 07 月 29 日 發文字號： 臺教授國部字第1100088598B號 令 法規體系： 國民及學前教育 立法理由： 1100729立法理由.pdf 圖表附件： 幼兒就讀教保服務機構補助辦法第四條附表.pdf
全國性法律,幼兒教保及照顧服務實施準則,完成,https://edu.law.moe.gov.tw/LawContent.aspx?id=GL000687,全國性法律\幼兒教保及照顧服務實施準則.html,3,法規名稱： 幼兒教保及照顧服務實施準則 公發布日： 民國 101 年 08 月 01 日 修正日期： 民國 112 年 11 月 22 日 發文字號： 臺教授國部字第1120154330A號 令 法規體系： 國民及學前教育 立法理由： (112.2.27)幼兒教保及照顧服務實施準則修正總說明及對照表.pdf 1100818立法理由.pdf 1121123立法理由.pdf
全國性法律,幼兒教育及照顧法,完成,https://edu.law.moe.gov.tw/LawContent.aspx?id=GL000542,全國性法律\幼兒教育及照顧法.html,1,法規名稱： 幼兒教育及照顧法 英 公發布日： 民國 100 年 06 月 29 日 修正日期： 民國 111 年 06 月 29 日 發文字號： 華總一義字第11100053321號 令 法規體系： 國民及學前教育 全文檔案： (111.6.29)幼兒教育及照顧法全文.pdf
全國性法律,幼兒教育及照顧法施行細則,完成,https://edu.law.moe.gov.tw/LawContent.aspx?id=GL000718,全國性法律\幼兒教育及照顧法施行細則.html,3,法規名稱： 幼兒教育及照顧法施行細則 公發布日： 民國 101 年 10 月 22 日 修正日期： 民國 112 年 09 月 26 日 發文字號： 臺教授國部字第1120121763A號 令 法規體系： 國民及學前教育 立法理由： 1100723立法理由.pdf (112.2.27)幼兒教育及照顧法施行細則修正總說明及對照表.pdf 1120926立法理由.pdf
全國性法律,幼兒教育及照顧法第27條第1項第2款之解釋令,個別解釋令或生效公告，排除,https://edu.law.moe.gov.tw/LawContent.aspx?id=GL001513,,0,法規名稱： 幼兒教育及照顧法第27條第1項第2款之解釋令 公發布日： 民國 105 年 01 月 19 日 發文字號： 臺教授國部字第1040155210B號 令 法規體系： 國民及學前教育
全國性法律,幼兒教育及照顧法第8條第1項及幼兒園與其分班設立變更及管理辦法第3條第1項第2款第3目之解釋令,個別解釋令或生效公告，排除,https://edu.law.moe.gov.tw/LawContent.aspx?id=GL001563,,0,法規名稱： 幼兒教育及照顧法第8條第1項及幼兒園與其分班設立變更及管理辦法第3條第1項第2款第3目之解釋令 公發布日： 民國 105 年 08 月 23 日 發文字號： 臺教授國部字第1050084059B號 令 法規體系： 國民及學前教育
全國性法律,幼兒教育及照顧法與教保服務人員條例公布負責人行為人機構名稱及場址之公布期間,完成,https://edu.law.moe.gov.tw/LawContent.aspx?id=GL002203,全國性法律\幼兒教育及照顧法與教保服務人員條例公布負責人行為人機構名稱及場址之公布期間.html,1,法規名稱： 幼兒教育及照顧法與教保服務人員條例公布負責人行為人機構名稱及場址之公布期間 公發布日： 民國 112 年 03 月 01 日 發文字號： 臺教授國部字第1120016376A號 公告 法規體系： 國民及學前教育 立法理由： (112.3.1)幼兒教育及照顧法與教保服務人員條例公布負責人行為人機構名稱及場址之公布期間總說明及逐點說明.pdf
全國性法律,廢止一百零三年一月二十三日臺教授國部字第一０二０一三一六三四B號有關幼兒園與其分班設立變更及管理辦法第六條第一項第二款規定之解釋令,已廢止或停止適用，排除,https://edu.law.moe.gov.tw/LawContent.aspx?id=GL001451,,0,法規名稱： 廢 廢止一百零三年一月二十三日臺教授國部字第一０二０一三一六三四B號有關幼兒園與其分班設立變更及管理辦法第六條第一項第二款規定之解釋令 公發布日： 民國 104 年 06 月 15 日 發文字號： 臺教授國部字第1040056215B號 令 法規體系： 國民及學前教育
全國性法律,性別平等工作法,完成,https://law.moj.gov.tw/LawClass/LawAll.aspx?pcode=N0030014,全國性法律\性別平等工作法.html,0,法規名稱： 性別平等工作法 EN 修正日期： 民國 112 年 08 月 16 日 法規類別： 行政 ＞ 勞動部 ＞ 勞動條件及就業平等目
全國性法律,性別平等教育法,完成,https://edu.law.moe.gov.tw/LawContent.aspx?id=FL030508,全國性法律\性別平等教育法.html,0,法規名稱： 性別平等教育法 英 公發布日： 民國 93 年 06 月 23 日 修正日期： 民國 112 年 08 月 16 日 發文字號： 華總一義字第11200069321號 令 法規體系： 學生事務及特殊教育
全國性法律,性別平等教育法施行細則,完成,https://edu.law.moe.gov.tw/LawContent.aspx?id=FL036073,全國性法律\性別平等教育法施行細則.html,4,法規名稱： 性別平等教育法施行細則 英 公發布日： 民國 94 年 06 月 13 日 修正日期： 民國 113 年 02 月 15 日 發文字號： 臺教學（三）字第1132800493A號 令 法規體系： 學生事務及特殊教育 立法理由： 0940613立法理由.pdf 1011024立法理由.pdf 1080402立法理由.pdf 1130215立法理由.pdf
全國性法律,托兒所及幼稚園改制幼兒園辦法,已廢止或停止適用，排除,https://edu.law.moe.gov.tw/LawContent.aspx?id=GL000596,,0,法規名稱： 廢 托兒所及幼稚園改制幼兒園辦法 公發布日： 民國 101 年 01 月 05 日 廢止日期： 民國 108 年 01 月 04 日 發文字號： 臺教授國部字第1070160029B號 令 法規體系： 國民及學前教育 立法理由： 1010105立法理由.pdf 1021113立法理由.pdf 圖表附件： 附件.odt
全國性法律,持國外專科以上學歷申請修畢幼兒園教保專業課程證明書收費標準,完成,https://edu.law.moe.gov.tw/LawContent.aspx?id=GL001880,全國性法律\持國外專科以上學歷申請修畢幼兒園教保專業課程證明書收費標準.html,1,法規名稱： 持國外專科以上學歷申請修畢幼兒園教保專業課程證明書收費標準 公發布日： 民國 108 年 04 月 29 日 發文字號： 臺教師(二)字第1080055281B號 令 法規體系： 師資培育及藝術教育 立法理由： 1080429立法理由.pdf
全國性法律,持國外專科以上學歷申請修畢幼兒園教保專業課程證明書辦法,完成,https://edu.law.moe.gov.tw/LawContent.aspx?id=GL001743,全國性法律\持國外專科以上學歷申請修畢幼兒園教保專業課程證明書辦法.html,3,法規名稱： 持國外專科以上學歷申請修畢幼兒園教保專業課程證明書辦法 公發布日： 民國 107 年 03 月 29 日 修正日期： 民國 114 年 12 月 01 日 發文字號： 臺教師（二）字第1142603315A號 令 法規體系： 師資培育及藝術教育 立法理由： 1070329立法理由.pdf 1141201立法理由.pdf 圖表附件： 1141201附表.pdf
全國性法律,教保服務人員教保專業知能研習實施辦法,完成,https://edu.law.moe.gov.tw/LawContent.aspx?id=GL001314,全國性法律\教保服務人員教保專業知能研習實施辦法.html,4,法規名稱： 教保服務人員教保專業知能研習實施辦法 公發布日： 民國 103 年 05 月 29 日 修正日期： 民國 112 年 02 月 27 日 發文字號： 臺教授國部字第1120014931A號 令 法規體系： 國民及學前教育 立法理由： 1070329立法理由.pdf 1080327立法理由.pdf 1091217立法理由.pdf (112.2.27)幼兒園教保專業知能研習實施辦法修正總說明及對照表.pdf
全國性法律,教保服務人員條例,完成,https://edu.law.moe.gov.tw/LawContent.aspx?id=GL001625,全國性法律\教保服務人員條例.html,1,法規名稱： 教保服務人員條例 英 公發布日： 民國 106 年 04 月 26 日 修正日期： 民國 111 年 06 月 29 日 發文字號： 華總一義字第11100053331號 令 法規體系： 國民及學前教育 全文檔案： (111.06.29)修正全文.pdf
全國性法律,教保服務人員條例施行細則,完成,https://edu.law.moe.gov.tw/LawContent.aspx?id=GL001740,全國性法律\教保服務人員條例施行細則.html,1,法規名稱： 教保服務人員條例施行細則 公發布日： 民國 107 年 03 月 28 日 修正日期： 民國 114 年 06 月 30 日 發文字號： 臺教授國部字第1145601471A號 令 法規體系： 國民及學前教育 立法理由： 1140630立法理由.pdf
全國性法律,教保服務人員條例生效令,個別解釋令或生效公告，排除,https://edu.law.moe.gov.tw/LawContent.aspx?id=GL001738,,0,法規名稱： 教保服務人員條例生效令 公發布日： 民國 107 年 03 月 22 日 發文字號： 院臺教字第1070168559號 令 法規體系： 國民及學前教育
全國性法律,教保服務人員條例第九條第一項及第二項之解釋令,個別解釋令或生效公告，排除,https://edu.law.moe.gov.tw/LawContent.aspx?id=GL002232,,0,法規名稱： 教保服務人員條例第九條第一項及第二項之解釋令 公發布日： 民國 112 年 09 月 19 日 發文字號： 臺教授國部字第1120118588A號 令 法規體系： 國民及學前教育
全國性法律,教保服務人員條例解釋令,個別解釋令或生效公告，排除,https://edu.law.moe.gov.tw/LawContent.aspx?id=GL002031,,0,法規名稱： 教保服務人員條例解釋令 公發布日： 民國 109 年 10 月 28 日 發文字號： 臺教師(二)字第1090133198B號 令 法規體系： 師資培育及藝術教育
全國性法律,教保服務人員輔導與管教幼兒注意事項,完成,https://edu.law.moe.gov.tw/LawContent.aspx?id=GL002236,全國性法律\教保服務人員輔導與管教幼兒注意事項.html,1,法規名稱： 教保服務人員輔導與管教幼兒注意事項 公發布日： 民國 112 年 10 月 05 日 發文字號： 臺教授國部字第1120121660A號 令 法規體系： 國民及學前教育 圖表附件： 附表一、二.pdf
全國性法律,教保服務機構不適任人員認定通報資訊蒐集查詢處理利用及違法事件通報辦法,完成,https://edu.law.moe.gov.tw/LawContent.aspx?id=GL001934,全國性法律\教保服務機構不適任人員認定通報資訊蒐集查詢處理利用及違法事件通報辦法.html,2,法規名稱： 教保服務機構不適任人員認定通報資訊蒐集查詢處理利用及違法事件通報辦法 公發布日： 民國 108 年 09 月 03 日 修正日期： 民國 114 年 05 月 01 日 發文字號： 臺教授國部字第1145600991A號 令 法規體系： 國民及學前教育 立法理由： 其他事項說明.pdf 教保服務機構不適任人員認定通報資訊蒐集查詢處理利用及違法事件通報辦法第八條、第九條修正總說明及對照表.pdf
全國性法律,教保服務機構收費項目及用途,完成,https://edu.law.moe.gov.tw/LawContent.aspx?id=GL002204,全國性法律\教保服務機構收費項目及用途.html,1,法規名稱： 教保服務機構收費項目及用途 公發布日： 民國 112 年 03 月 01 日 發文字號： 臺教授國部字第1120015775A號 公告 法規體系： 國民及學前教育 立法理由： (112.3.1)教保服務機構收費項目及用途總說明及逐點說明.pdf
全國性法律,教保相關人員違法事件調查學者專家人才庫設置要點,完成,https://edu.law.moe.gov.tw/LawContent.aspx?id=GL002182,全國性法律\教保相關人員違法事件調查學者專家人才庫設置要點.html,0,法規名稱： 教保相關人員違法事件調查學者專家人才庫設置要點 公發布日： 民國 111 年 09 月 07 日 修正日期： 民國 115 年 02 月 13 日 發文字號： 臺教授國部字第1145603039A號 令 法規體系： 國民及學前教育
全國性法律,教保相關人員違法事件調查處理辦法,完成,https://edu.law.moe.gov.tw/LawContent.aspx?id=GL002202,全國性法律\教保相關人員違法事件調查處理辦法.html,2,法規名稱： 教保相關人員違法事件調查處理辦法 公發布日： 民國 112 年 02 月 27 日 修正日期： 民國 114 年 01 月 22 日 發文字號： 臺教授國部字第1145600020A號 令 法規體系： 國民及學前教育 立法理由： (112.2.27)教保相關人員違法事件調查處理辦法總說明及逐條說明.pdf (114.01.22)教保相關人員違法事件調查處理辦法總說明及修正條文對照表.pdf
全國性法律,教保相關人員違法對待幼兒事件罰鍰金額及終身或一定期間不得聘任任用進用或運用之裁量基準,完成,https://edu.law.moe.gov.tw/LawContent.aspx?id=GL002293,全國性法律\教保相關人員違法對待幼兒事件罰鍰金額及終身或一定期間不得聘任任用進用或運用之裁量基準.html,1,法規名稱： 教保相關人員違法對待幼兒事件罰鍰金額及終身或一定期間不得聘任任用進用或運用之裁量基準 公發布日： 民國 113 年 08 月 06 日 發文字號： 臺教授國部字第1135601654A號 令 法規體系： 國民及學前教育 圖表附件： 教保相關人員違法對待幼兒事件罰鍰金額及終身或一定期間不得聘任任用進用或運用之裁量基準附表.pdf
全國性法律,教師法,完成,https://edu.law.moe.gov.tw/LawContent.aspx?id=FL008447,全國性法律\教師法.html,0,法規名稱： 教師法 英 公發布日： 民國 84 年 08 月 09 日 修正日期： 民國 115 年 05 月 13 日 發文字號： 華總一義字第11500042691號 令 法規體系： 師資培育及藝術教育
全國性法律,教師法施行細則,完成,https://edu.law.moe.gov.tw/LawContent.aspx?id=FL008450,全國性法律\教師法施行細則.html,6,法規名稱： 教師法施行細則 公發布日： 民國 85 年 08 月 31 日 修正日期： 民國 113 年 06 月 20 日 發文字號： 臺教技（二）字第1132301652A號 令 法規體系： 師資培育及藝術教育 立法理由： 0930120立法理由.pdf 0931020立法理由.odt 1010904立法理由.pdf 1030506立法理由.pdf 1090628立法理由.pdf 1130620立法理由.pdf
全國性法律,教育基本法,完成,https://edu.law.moe.gov.tw/LawContent.aspx?id=FL008468,全國性法律\教育基本法.html,0,法規名稱： 教育基本法 英 公發布日： 民國 88 年 06 月 23 日 修正日期： 民國 102 年 12 月 11 日 發文字號： 華總一義字第10200225111號 令 法規體系： 教育通用
全國性法律,教育部及所屬機關商借高級中等以下學校及幼兒園教師作業原則,完成,https://edu.law.moe.gov.tw/LawContent.aspx?id=GL002049,全國性法律\教育部及所屬機關商借高級中等以下學校及幼兒園教師作業原則.html,1,法規名稱： 教育部及所屬機關商借高級中等以下學校及幼兒園教師作業原則 公發布日： 民國 102 年 11 月 07 日 修正日期： 民國 111 年 04 月 22 日 發文字號： 臺教授國字第1110052130號函 法規體系： 國民及學前教育 立法理由： (中華民國一百一十一年四月二十二日)立法理由.pdf
全國性法律,教育部國民及學前教育署補助公立幼兒園辦理延長照顧服務作業要點,完成,https://edu.law.moe.gov.tw/LawContent.aspx?id=FL039672,全國性法律\教育部國民及學前教育署補助公立幼兒園辦理延長照顧服務作業要點.html,2,法規名稱： 教育部國民及學前教育署補助公立幼兒園辦理延長照顧服務作業要點 公發布日： 民國 95 年 06 月 27 日 修正日期： 民國 115 年 08 月 14 日 發文字號： 臺教國署幼字第1155601724A號 令 法規體系： 國民及學前教育 圖表附件： 1140919附表.pdf 1150814第3點附表.pdf
全國性法律,教育部國民及學前教育署補助地方政府辦理教師及教保服務人員諮商輔導支持服務要點,完成,https://edu.law.moe.gov.tw/LawContent.aspx?id=GL002019,全國性法律\教育部國民及學前教育署補助地方政府辦理教師及教保服務人員諮商輔導支持服務要點.html,1,法規名稱： 教育部國民及學前教育署補助地方政府辦理教師及教保服務人員諮商輔導支持服務要點 公發布日： 民國 109 年 09 月 07 日 修正日期： 民國 113 年 01 月 16 日 發文字號： 臺教國署人字第1120174874A號 令 法規體系： 國民及學前教育 圖表附件： 教育部國民及學前教育署補助地方政府辦理教師及教保服務人員諮商輔導支持服務要點附件.pdf
全國性法律,教育部國民及學前教育署補助外國僑民學校及附設幼兒園要點,完成,https://edu.law.moe.gov.tw/LawContent.aspx?id=GL000648,全國性法律\教育部國民及學前教育署補助外國僑民學校及附設幼兒園要點.html,1,法規名稱： 教育部國民及學前教育署補助外國僑民學校及附設幼兒園要點 公發布日： 民國 101 年 05 月 10 日 修正日期： 民國 107 年 10 月 04 日 發文字號： 臺教國署國字第1070110572B號 令 法規體系： 國民及學前教育 圖表附件： 附件-教育部國民及學前教育署補助外國僑民學校及附設幼兒園申請流程表.odt
全國性法律,教育部國民及學前教育署補助大學辦理教保專業知能增能學分班作業要點,完成,https://edu.law.moe.gov.tw/LawContent.aspx?id=GL001320,全國性法律\教育部國民及學前教育署補助大學辦理教保專業知能增能學分班作業要點.html,5,法規名稱： 教育部國民及學前教育署補助大學辦理教保專業知能增能學分班作業要點 公發布日： 民國 103 年 06 月 10 日 修正日期： 民國 105 年 06 月 08 日 發文字號： 臺教國署國字第1050055560B號 令 法規體系： 國民及學前教育 圖表附件： 附件一 大學辦理教保專業知能增能學分班作業原則.pdf 附件一之一 （申請學校及科系名稱）辦理○年度幼兒園教保專業知能增能學分班實施計畫.docx 附件一之二 （申請學校及科系名稱）辦理○年度幼兒園教保專業知能增能學分班課程計畫.docx 附件二.pdf 附件三.pdf
全國性法律,教育部國民及學前教育署補助學前教育階段各類特殊教育班導師職務加給差額及教學輔導費作業要點,完成,https://edu.law.moe.gov.tw/LawContent.aspx?id=GL000612,全國性法律\教育部國民及學前教育署補助學前教育階段各類特殊教育班導師職務加給差額及教學輔導費作業要點.html,0,法規名稱： 教育部國民及學前教育署補助學前教育階段各類特殊教育班導師職務加給差額及教學輔導費作業要點 公發布日： 民國 101 年 02 月 03 日 修正日期： 民國 115 年 01 月 15 日 發文字號： 臺教國署幼字第1155600012A號 令 法規體系： 國民及學前教育
全國性法律,教育部國民及學前教育署補助推動提升私立幼兒園（含國幼班）教保服務人員專業素質作業要點,已廢止或停止適用，排除,https://edu.law.moe.gov.tw/LawContent.aspx?id=GL000448,,0,法規名稱： 廢 教育部國民及學前教育署補助推動提升私立幼兒園（含國幼班）教保服務人員專業素質作業要點 公發布日： 民國 99 年 08 月 26 日 廢止日期： 民國 105 年 02 月 16 日 發文字號： 臺教國署國字第1050009546B號 令 法規體系： 國民及學前教育
全國性法律,教育部國民及學前教育署補助教保服務機構導師職務加給差額及教保費要點,完成,https://edu.law.moe.gov.tw/LawContent.aspx?id=GL000621,全國性法律\教育部國民及學前教育署補助教保服務機構導師職務加給差額及教保費要點.html,1,法規名稱： 教育部國民及學前教育署補助教保服務機構導師職務加給差額及教保費要點 公發布日： 民國 101 年 03 月 15 日 修正日期： 民國 115 年 01 月 16 日 發文字號： 臺教國署幼字第1155600011A號 令 法規體系： 國民及學前教育 圖表附件： 1150116附表.pdf
全國性法律,教育部國民及學前教育署補助教保服務機構推動本土語言融入教保活動課程原則,完成,https://edu.law.moe.gov.tw/LawContent.aspx?id=FL038873,全國性法律\教育部國民及學前教育署補助教保服務機構推動本土語言融入教保活動課程原則.html,1,法規名稱： 教育部國民及學前教育署補助教保服務機構推動本土語言融入教保活動課程原則 公發布日： 民國 95 年 04 月 04 日 修正日期： 民國 115 年 07 月 31 日 發文字號： 臺教國署幼字第1155601699A號 令 法規體系： 國民及學前教育 圖表附件： 1150731第三點附表.pdf
全國性法律,教育部國民及學前教育署補助直轄市及縣（市）政府提升高級中等以下學校及幼兒園特殊教育教學品質與專業支持作業要點,完成,https://edu.law.moe.gov.tw/LawContent.aspx?id=GL002373,全國性法律\教育部國民及學前教育署補助直轄市及縣（市）政府提升高級中等以下學校及幼兒園特殊教育教學品質與專業支持作業要點.html,1,法規名稱： 教育部國民及學前教育署補助直轄市及縣（市）政府提升高級中等以下學校及幼兒園特殊教育教學品質與專業支持作業要點 公發布日： 民國 114 年 11 月 26 日 發文字號： 臺教國署原字第1145703607A號 令 法規體系： 國民及學前教育 圖表附件： 1141126附件.pdf
全國性法律,教育部國民及學前教育署補助直轄市縣（市）政府充實及改善幼兒園教學環境設施設備作業要點,完成,https://edu.law.moe.gov.tw/LawContent.aspx?id=FL033353,全國性法律\教育部國民及學前教育署補助直轄市縣（市）政府充實及改善幼兒園教學環境設施設備作業要點.html,3,法規名稱： 教育部國民及學前教育署補助直轄市縣（市）政府充實及改善幼兒園教學環境設施設備作業要點 公發布日： 民國 93 年 12 月 22 日 修正日期： 民國 113 年 04 月 18 日 發文字號： 臺教國署幼字第1135600231A號 令 法規體系： 國民及學前教育 圖表附件： 附件一 申請改善教學環境設備補助計畫書.odt 附件二 申請改善教學環境設備初審意見一覽表.odt 教育部國民及學前教育署補助直轄市縣（市）政府充實及改善幼兒園教學環境設施設備作業要點第三點附表修正規定.pdf
全國性法律,教育部國民及學前教育署補助直轄市縣（市）政府推動學前教保工作實施要點,完成,https://edu.law.moe.gov.tw/LawContent.aspx?id=FL045254,全國性法律\教育部國民及學前教育署補助直轄市縣（市）政府推動學前教保工作實施要點.html,5,法規名稱： 教育部國民及學前教育署補助直轄市縣（市）政府推動學前教保工作實施要點 公發布日： 民國 97 年 02 月 05 日 修正日期： 民國 115 年 01 月 09 日 發文字號： 臺教國署幼字第1145603065A號 令 法規體系： 國民及學前教育 圖表附件： 1110610第四點附表一.pdf 1130730第四點及附表.pdf 1131231第四點及附表.pdf 1140728第四點及附表.pdf 1150109第四點及第六點附表二.pdf
全國性法律,教育部國民及學前教育署補助辦理公私立幼兒園汰換及新購幼童專用車要點,完成,https://edu.law.moe.gov.tw/LawContent.aspx?id=GL001972,全國性法律\教育部國民及學前教育署補助辦理公私立幼兒園汰換及新購幼童專用車要點.html,0,法規名稱： 教育部國民及學前教育署補助辦理公私立幼兒園汰換及新購幼童專用車要點 公發布日： 民國 109 年 02 月 17 日 修正日期： 民國 111 年 08 月 25 日 發文字號： 臺教國署學字第1110108983A號 令 法規體系： 國民及學前教育
全國性法律,教育部國民及學前教育署補助辦理友善教保服務計畫作業要點,已廢止或停止適用，排除,https://edu.law.moe.gov.tw/LawContent.aspx?id=FL044672,,0,法規名稱： 廢 教育部國民及學前教育署補助辦理友善教保服務計畫作業要點 公發布日： 民國 96 年 12 月 03 日 廢止日期： 民國 106 年 01 月 03 日 發文字號： 臺教國署國字第1050143120B號 令 法規體系： 國民及學前教育
全國性法律,教育部國民及學前教育署補助辦理教保服務機構輔導作業原則,完成,https://edu.law.moe.gov.tw/LawContent.aspx?id=FL038235,全國性法律\教育部國民及學前教育署補助辦理教保服務機構輔導作業原則.html,5,法規名稱： 教育部國民及學前教育署補助辦理教保服務機構輔導作業原則 公發布日： 民國 95 年 01 月 25 日 修正日期： 民國 114 年 03 月 06 日 發文字號： 臺教國署幼字第1145600123A號 令 法規體系： 國民及學前教育 圖表附件： 1071221附表.pdf 1091019附表.pdf 1100528附表.pdf 1120710附表.pdf 1130723附表.pdf
全國性法律,教育部國民及學前教育署補助辦理校園社區化改造計畫之新建幼兒園園舍作業要點,完成,https://edu.law.moe.gov.tw/LawContent.aspx?id=GL001667,全國性法律\教育部國民及學前教育署補助辦理校園社區化改造計畫之新建幼兒園園舍作業要點.html,1,法規名稱： 教育部國民及學前教育署補助辦理校園社區化改造計畫之新建幼兒園園舍作業要點 公發布日： 民國 106 年 08 月 17 日 修正日期： 民國 106 年 09 月 13 日 發文字號： 臺教國署國字第1060096226B號 令 法規體系： 國民及學前教育 圖表附件： 教育部國民及學前教育署補助辦理校園社區化改造計畫之新建幼兒園園舍作業要點附件.pdf
全國性法律,教育部國民及學前教育署補助辦理社區互助式及部落互助式教保服務中心作業要點,完成,https://edu.law.moe.gov.tw/LawContent.aspx?id=GL002199,全國性法律\教育部國民及學前教育署補助辦理社區互助式及部落互助式教保服務中心作業要點.html,4,法規名稱： 教育部國民及學前教育署補助辦理社區互助式及部落互助式教保服務中心作業要點 公發布日： 民國 112 年 01 月 18 日 修正日期： 民國 115 年 03 月 30 日 發文字號： 臺教國署幼字第1155600529A號 令 法規體系： 國民及學前教育 圖表附件： 1120118附表及附件.pdf 1140506第四點附表二.pdf 1140814附表.pdf 1150330附件.pdf
全國性法律,教育部國民及學前教育署補助辦理興建公共化幼兒園園舍作業要點,完成,https://edu.law.moe.gov.tw/LawContent.aspx?id=GL001976,全國性法律\教育部國民及學前教育署補助辦理興建公共化幼兒園園舍作業要點.html,0,法規名稱： 教育部國民及學前教育署補助辦理興建公共化幼兒園園舍作業要點 公發布日： 民國 109 年 03 月 03 日 修正日期： 民國 112 年 06 月 09 日 發文字號： 臺教國署幼字第1120073182A號 令 法規體系： 國民及學前教育
全國性法律,教育部國民及學前教育署補助辦理非營利幼兒園及職場互助教保服務中心作業要點,完成,https://edu.law.moe.gov.tw/LawContent.aspx?id=GL001159,全國性法律\教育部國民及學前教育署補助辦理非營利幼兒園及職場互助教保服務中心作業要點.html,5,法規名稱： 教育部國民及學前教育署補助辦理非營利幼兒園及職場互助教保服務中心作業要點 公發布日： 民國 102 年 08 月 16 日 修正日期： 民國 115 年 01 月 29 日 發文字號： 臺教國署幼字第1145603305A號 令 法規體系： 國民及學前教育 圖表附件： 教育部國民及學前教育署補助辦理非營利幼兒園及職場互助教保服務中心作業要點第四點附表一、附表二修正規定.pdf 附表三 非營利幼兒園補助項目.pdf 附表四 職場中心補助項目.pdf 附表五 國教署補助比率、附表六 非營利幼兒園繳交費用差額補助經費中央與地方分攤比率一覽表.pdf 1150129附表修正規定.pdf
全國性法律,教育部國民及學前教育署補助非營利團體辦理幼兒教保活動處理原則,完成,https://edu.law.moe.gov.tw/LawContent.aspx?id=FL008976,全國性法律\教育部國民及學前教育署補助非營利團體辦理幼兒教保活動處理原則.html,0,法規名稱： 教育部國民及學前教育署補助非營利團體辦理幼兒教保活動處理原則 公發布日： 民國 91 年 05 月 20 日 修正日期： 民國 102 年 11 月 28 日 發文字號： 臺教國署國字第1020115751B號 令 法規體系： 國民及學前教育
全國性法律,教育部國民及學前教育署補助高級中等以下學校及幼兒園身心障礙學生及幼兒鑑定評估人員經費作業原則,完成,https://edu.law.moe.gov.tw/LawContent.aspx?id=GL002274,全國性法律\教育部國民及學前教育署補助高級中等以下學校及幼兒園身心障礙學生及幼兒鑑定評估人員經費作業原則.html,0,法規名稱： 教育部國民及學前教育署補助高級中等以下學校及幼兒園身心障礙學生及幼兒鑑定評估人員經費作業原則 公發布日： 民國 113 年 07 月 05 日 發文字號： 臺教國署原字第1135701881A號 令 法規體系： 國民及學前教育
全國性法律,教育部國民及學前教育署補助高級中等以下學校及幼兒園進用特教學生助理人員作業要點,完成,https://edu.law.moe.gov.tw/LawContent.aspx?id=GL002281,全國性法律\教育部國民及學前教育署補助高級中等以下學校及幼兒園進用特教學生助理人員作業要點.html,1,法規名稱： 教育部國民及學前教育署補助高級中等以下學校及幼兒園進用特教學生助理人員作業要點 公發布日： 民國 113 年 07 月 18 日 修正日期： 民國 114 年 10 月 17 日 發文字號： 臺教國署原字第1145703289A號 令 法規體系： 國民及學前教育 圖表附件： 1141017附表.pdf
全國性法律,教育部幼兒教保服務諮詢會設置辦法,完成,https://edu.law.moe.gov.tw/LawContent.aspx?id=GL000652,全國性法律\教育部幼兒教保服務諮詢會設置辦法.html,4,法規名稱： 教育部幼兒教保服務諮詢會設置辦法 公發布日： 民國 101 年 05 月 18 日 修正日期： 民國 111 年 07 月 20 日 發文字號： 臺教授國部字第1110088879A號 令 法規體系： 國民及學前教育 立法理由： 1010518立法理由.pdf 1020619立法理由.pdf 1080409立法理由.pdf (111.7.20)立法理由.pdf
全國性法律,教育部推動參與五歲幼兒免學費教育計畫幼稚園評鑑注意事項,已廢止或停止適用，排除,https://edu.law.moe.gov.tw/LawContent.aspx?id=GL000350,,0,法規名稱： 廢 教育部推動參與五歲幼兒免學費教育計畫幼稚園評鑑注意事項 公發布日： 民國 99 年 04 月 16 日 廢止日期： 民國 101 年 10 月 12 日 發文字號： 臺國(三)字第1010180695B號 令 法規體系： 國民及學前教育 圖表附件： 附表一、幼稚園基礎評鑑指標.doc 附表二、 幼稚園基礎評鑑指標檢核表.doc 附表三、幼稚園基礎評鑑指標自評表.doc 附表四、幼稚園評鑑結果報告格式.doc
全國性法律,教育部推動及補助地方政府與私立教保服務機構合作提供準公共教保服務作業要點,完成,https://edu.law.moe.gov.tw/LawContent.aspx?id=GL001795,全國性法律\教育部推動及補助地方政府與私立教保服務機構合作提供準公共教保服務作業要點.html,1,法規名稱： 教育部推動及補助地方政府與私立教保服務機構合作提供準公共教保服務作業要點 公發布日： 民國 107 年 08 月 22 日 修正日期： 民國 114 年 11 月 28 日 發文字號： 臺教授國部字第1145602812A號 令 法規體系： 國民及學前教育 圖表附件： 1141128附件.pdf
全國性法律,教育部獎勵高級中等以下學校及幼兒園人員取得原住民族語言能力證明書要點,完成,https://edu.law.moe.gov.tw/LawContent.aspx?id=GL001684,全國性法律\教育部獎勵高級中等以下學校及幼兒園人員取得原住民族語言能力證明書要點.html,0,法規名稱： 教育部獎勵高級中等以下學校及幼兒園人員取得原住民族語言能力證明書要點 公發布日： 民國 106 年 10 月 27 日 發文字號： 臺教師(三)字第1060138295B號 令 法規體系： 師資培育及藝術教育
全國性法律,教育部與所屬機關（構）及各級學校與幼兒園因應H7N9流感疫情通報作業原則,完成,https://edu.law.moe.gov.tw/LawContent.aspx?id=GL001113,全國性法律\教育部與所屬機關（構）及各級學校與幼兒園因應H7N9流感疫情通報作業原則.html,0,法規名稱： 教育部與所屬機關（構）及各級學校與幼兒園因應H7N9流感疫情通報作業原則 公發布日： 民國 102 年 05 月 07 日 發文字號： 臺教學(五)字第1020058334C號 令 法規體系： 學生事務及特殊教育
全國性法律,教育部補助各級學校與幼兒園參加國慶及總統府假日開放參觀辦理府內南苑表演活動經費原則,已廢止或停止適用，排除,https://edu.law.moe.gov.tw/LawContent.aspx?id=FL032179,,0,法規名稱： 廢 教育部補助各級學校與幼兒園參加國慶及總統府假日開放參觀辦理府內南苑表演活動經費原則 公發布日： 民國 93 年 09 月 01 日 廢止日期： 民國 106 年 01 月 03 日 發文字號： 臺教學(六)字第1050158884B號 令 法規體系： 學生事務及特殊教育
全國性法律,教育部補助各該主管機關主管之高級中等以下學校及教保服務機構投保公共意外責任保險實施要點,完成,https://edu.law.moe.gov.tw/LawContent.aspx?id=GL000214,全國性法律\教育部補助各該主管機關主管之高級中等以下學校及教保服務機構投保公共意外責任保險實施要點.html,0,法規名稱： 教育部補助各該主管機關主管之高級中等以下學校及教保服務機構投保公共意外責任保險實施要點 公發布日： 民國 99 年 02 月 24 日 修正日期： 民國 113 年 10 月 15 日 發文字號： 臺教授國部字第1135804602A號 令 法規體系： 國民及學前教育
全國性法律,教育部補助地方政府發放二歲以上未滿五歲幼兒育兒津貼及五歲至入國民小學前幼兒就學補助作業要點,完成,https://edu.law.moe.gov.tw/LawContent.aspx?id=GL001909,全國性法律\教育部補助地方政府發放二歲以上未滿五歲幼兒育兒津貼及五歲至入國民小學前幼兒就學補助作業要點.html,2,法規名稱： 教育部補助地方政府發放二歲以上未滿五歲幼兒育兒津貼及五歲至入國民小學前幼兒就學補助作業要點 公發布日： 民國 108 年 07 月 01 日 修正日期： 民國 115 年 08 月 28 日 發文字號： 臺教授國部字第1155601554A號 令 法規體系： 國民及學前教育 圖表附件： 附表.pdf 1150828第6點附表二.pdf
全國性法律,教育部補助扶持五歲弱勢幼兒及早教育計畫作業要點,已廢止或停止適用，排除,https://edu.law.moe.gov.tw/LawContent.aspx?id=FL038076,,0,法規名稱： 廢 教育部補助扶持五歲弱勢幼兒及早教育計畫作業要點 公發布日： 民國 0 年 00 月 00 日 廢止日期： 民國 98 年 01 月 13 日 發文字號： 台國（二）字第0970255767D號 法規體系： 國民及學前教育
全國性法律,教育部補助直轄市、縣（市）政府推動學前及國民教育階段特殊教育工作實施要點,已廢止或停止適用，排除,https://edu.law.moe.gov.tw/LawContent.aspx?id=FL009184,,0,法規名稱： 廢 教育部補助直轄市、縣（市）政府推動學前及國民教育階段特殊教育工作實施要點 公發布日： 民國 90 年 07 月 31 日 廢止日期： 民國 102 年 05 月 17 日 發文字號： 臺教授國字第1020046191B號 令 法規體系： 學生事務及特殊教育
全國性法律,教育部補助高級中等以下學校及幼兒園教師在職進修作業要點,完成,https://edu.law.moe.gov.tw/LawContent.aspx?id=FL026213,全國性法律\教育部補助高級中等以下學校及幼兒園教師在職進修作業要點.html,1,法規名稱： 教育部補助高級中等以下學校及幼兒園教師在職進修作業要點 公發布日： 民國 92 年 06 月 09 日 修正日期： 民國 115 年 01 月 29 日 發文字號： 臺教師（三）字第1142603696A號 令 法規體系： 師資培育及藝術教育 圖表附件： 1150129附件.pdf
全國性法律,教育部辦理高級中等以下學校及幼兒園教師證書核發作業要點,已廢止或停止適用，排除,https://edu.law.moe.gov.tw/LawContent.aspx?id=GL000377,,0,法規名稱： 廢/停 教育部辦理高級中等以下學校及幼兒園教師證書核發作業要點 公發布日： 民國 99 年 04 月 22 日 廢止/停止適用日期： 民國 107 年 10 月 22 日 發文字號： 臺教師(二)字第1070186275號 函 法規體系： 師資培育及藝術教育 圖表附件： 高級中等以下學校及幼兒園教師證書核發作業要點流程圖.odt
全國性法律,核釋「幼兒園及其分班基本設施設備標準」第六條、第九條第二項及第十二條第一項,個別解釋令或生效公告，排除,https://edu.law.moe.gov.tw/LawContent.aspx?id=GL000658,,0,法規名稱： 核釋「幼兒園及其分班基本設施設備標準」第六條、第九條第二項及第十二條第一項 公發布日： 民國 101 年 05 月 28 日 發文字號： 臺國(三)字第1010091957C號 令 法規體系： 國民及學前教育
全國性法律,核釋「幼兒教育及照顧法」第15條第5項所稱「每年」,個別解釋令或生效公告，排除,https://edu.law.moe.gov.tw/LawContent.aspx?id=GL000716,,0,法規名稱： 核釋「幼兒教育及照顧法」第15條第5項所稱「每年」 公發布日： 民國 101 年 10 月 12 日 發文字號： 臺國(三)字第1010169950C號 令 法規體系： 國民及學前教育
全國性法律,核釋「幼兒教育及照顧法」第19條第1項第2款,個別解釋令或生效公告，排除,https://edu.law.moe.gov.tw/LawContent.aspx?id=GL000728,,0,法規名稱： 核釋「幼兒教育及照顧法」第19條第1項第2款 公發布日： 民國 101 年 11 月 21 日 發文字號： 臺國(三)字第1010206767C號 令 法規體系： 國民及學前教育
全國性法律,核釋「幼兒教育及照顧法」第8條第1項暨「幼兒園與其分班設立變更及管理辦法」第3條第1項第1款第2目之相關規定,個別解釋令或生效公告，排除,https://edu.law.moe.gov.tw/LawContent.aspx?id=GL001329,,0,法規名稱： 核釋「幼兒教育及照顧法」第8條第1項暨「幼兒園與其分班設立變更及管理辦法」第3條第1項第1款第2目之相關規定 公發布日： 民國 103 年 07 月 18 日 發文字號： 臺教授國部字第1030068434B號 令 法規體系： 國民及學前教育 圖表附件： 行政院公報電子檔.pdf
全國性法律,核釋教保服務人員條例第51條第1項,個別解釋令或生效公告，排除,https://edu.law.moe.gov.tw/LawContent.aspx?id=GL002377,,0,法規名稱： 核釋教保服務人員條例第51條第1項 公發布日： 民國 114 年 12 月 15 日 發文字號： 臺教授國部字第1145602909A號 令 法規體系： 國民及學前教育
全國性法律,核釋教保相關人員違法事件調查處理辦法第10條第4款,個別解釋令或生效公告，排除,https://edu.law.moe.gov.tw/LawContent.aspx?id=GL002250,,0,法規名稱： 核釋教保相關人員違法事件調查處理辦法第10條第4款 公發布日： 民國 113 年 01 月 08 日 發文字號： 臺教授國部字第1120181008A號 令 法規體系： 國民及學前教育
全國性法律,核釋職場互助式教保服務實施辦法第三十條第三項第四款及非營利幼兒園實施辦法第三十一條第一項第四款,個別解釋令或生效公告，排除,https://edu.law.moe.gov.tw/LawContent.aspx?id=GL002247,,0,法規名稱： 核釋職場互助式教保服務實施辦法第三十條第三項第四款及非營利幼兒園實施辦法第三十一條第一項第四款 公發布日： 民國 112 年 12 月 21 日 發文字號： 臺教授國部字第1120167919A號 令 法規體系： 國民及學前教育
全國性法律,消費者保護法,完成,https://law.moj.gov.tw/LawClass/LawAll.aspx?pcode=J0170001,全國性法律\消費者保護法.html,0,法規名稱： 消費者保護法 EN 修正日期： 民國 104 年 06 月 17 日 法規類別： 行政 ＞ 院本部 ＞ 消費者保護目
全國性法律,特殊教育學生及幼兒支持服務辦法,完成,https://edu.law.moe.gov.tw/LawContent.aspx?id=FL009181,全國性法律\特殊教育學生及幼兒支持服務辦法.html,3,法規名稱： 特殊教育學生及幼兒支持服務辦法 公發布日： 民國 88 年 09 月 29 日 修正日期： 民國 113 年 02 月 27 日 發文字號： 臺教學（四）字第1132800524A號 令 法規體系： 學生事務及特殊教育 立法理由： 1010710A立法理由.pdf 1020927A立法理由.pdf 1130227立法理由.pdf
全國性法律,特殊教育學生及幼兒申訴服務辦法,完成,https://edu.law.moe.gov.tw/LawContent.aspx?id=FL009180,全國性法律\特殊教育學生及幼兒申訴服務辦法.html,3,法規名稱： 特殊教育學生及幼兒申訴服務辦法 公發布日： 民國 88 年 09 月 07 日 修正日期： 民國 112 年 12 月 21 日 發文字號： 臺教學（四）字第1122806639A號 令 法規體系： 學生事務及特殊教育 立法理由： 1000208立法理由.pdf 1070824立法理由.pdf 1121221立法理由.pdf
全國性法律,特殊教育學生及幼兒鑑定辦法,完成,https://edu.law.moe.gov.tw/LawContent.aspx?id=FL009187,全國性法律\特殊教育學生及幼兒鑑定辦法.html,6,法規名稱： 特殊教育學生及幼兒鑑定辦法 公發布日： 民國 91 年 05 月 09 日 修正日期： 民國 115 年 04 月 01 日 發文字號： 臺教學（四）字第1152801201A號 令 法規體系： 學生事務及特殊教育 立法理由： 0910509立法理由.txt 0950929立法理由.pdf 1010928立法理由.pdf 1020902立法理由.pdf 1130429立法理由.pdf 1150401立法理由.pdf
全國性法律,特殊教育法,完成,https://edu.law.moe.gov.tw/LawContent.aspx?id=FL009136,全國性法律\特殊教育法.html,1,法規名稱： 特殊教育法 英 公發布日： 民國 73 年 12 月 17 日 修正日期： 民國 112 年 06 月 21 日 發文字號： 華總一義字第11200052781號 令 法規體系： 學生事務及特殊教育 立法理由： 特殊教育法修正對照表.pdf
全國性法律,特殊教育法施行細則,完成,https://edu.law.moe.gov.tw/LawContent.aspx?id=FL009141,全國性法律\特殊教育法施行細則.html,4,法規名稱： 特殊教育法施行細則 英 公發布日： 民國 76 年 03 月 25 日 修正日期： 民國 112 年 12 月 20 日 發文字號： 臺教學（四）字第1122806628A號 令 法規體系： 學生事務及特殊教育 立法理由： 1011126立法理由.pdf 1020712立法理由.pdf 1090717立法理由.pdf 1121220立法理由.pdf
全國性法律,直轄市及縣（市）主管機關處理教保服務機構疑似不當對待幼兒案件注意事項,已廢止或停止適用，排除,https://edu.law.moe.gov.tw/LawContent.aspx?id=GL002074,,0,法規名稱： 廢/停 直轄市及縣（市）主管機關處理教保服務機構疑似不當對待幼兒案件注意事項 公發布日： 民國 110 年 05 月 25 日 發文字號： 臺教國署幼字第1100058046號函 法規體系： 國民及學前教育 圖表附件： 不當對待幼兒案件輔導流程圖.pdf 不當對待幼兒處理流程圖.pdf
全國性法律,直轄市及縣（市）主管機關處理教保服務機構疑似不當對待幼兒案件注意事項,已廢止或停止適用，排除,https://edu.law.moe.gov.tw/LawContent.aspx?id=GL002208,,0,法規名稱： 廢/停 直轄市及縣（市）主管機關處理教保服務機構疑似不當對待幼兒案件注意事項 公發布日： 民國 112 年 03 月 01 日 發文字號： 臺教國署幼字第 1120033015 號函 法規體系： 國民及學前教育 圖表附件： 不當對待幼兒案件輔導流程圖.pdf 不當對待幼兒處理流程圖.pdf
全國性法律,直轄市縣(市)政府協助或補助教保服務機構招收需要協助幼兒辦法,完成,https://edu.law.moe.gov.tw/LawContent.aspx?id=GL000691,全國性法律\直轄市縣(市)政府協助或補助教保服務機構招收需要協助幼兒辦法.html,4,法規名稱： 直轄市縣(市)政府協助或補助教保服務機構招收需要協助幼兒辦法 公發布日： 民國 101 年 08 月 14 日 修正日期： 民國 112 年 02 月 27 日 發文字號： 臺教授國部字第1120015474A號 令 法規體系： 國民及學前教育 立法理由： 1010814立法理由.pdf 1030127立法理由.pdf 1080531立法理由.pdf (112.2.27)直轄市縣（市）政府協助或補助教保服務機構招收需要協助幼兒辦法第一條修正總說明及對照表.pdf
全國性法律,直轄市縣(市)政府辦理幼兒園與其分班設立變更及管理注意事項,完成,https://edu.law.moe.gov.tw/LawContent.aspx?id=GL000616,全國性法律\直轄市縣(市)政府辦理幼兒園與其分班設立變更及管理注意事項.html,0,法規名稱： 直轄市縣(市)政府辦理幼兒園與其分班設立變更及管理注意事項 公發布日： 民國 101 年 03 月 01 日 修正日期： 民國 110 年 09 月 15 日 發文字號： 臺教授國部字第1100101712A號 令 法規體系： 國民及學前教育
全國性法律,社區互助式及部落互助式教保服務實施辦法,完成,https://edu.law.moe.gov.tw/LawContent.aspx?id=GL000674,全國性法律\社區互助式及部落互助式教保服務實施辦法.html,4,法規名稱： 社區互助式及部落互助式教保服務實施辦法 公發布日： 民國 101 年 07 月 18 日 修正日期： 民國 112 年 02 月 27 日 發文字號： 臺教授國部字第1120015476A號 令 法規體系： 國民及學前教育 立法理由： 1101105立法理由.pdf (112.2.27)社區互助式及部落互助式教保服務實施辦法部分條文修正總說明及對照表.pdf 圖表附件： (112.2.27)社區互助式及部落互助式教保服務實施辦法第二十六條附表.pdf 附件.pdf
全國性法律,社區及部落互助教保服務中心辦理結構安全鑑定項目,完成,https://edu.law.moe.gov.tw/LawContent.aspx?id=GL001682,全國性法律\社區及部落互助教保服務中心辦理結構安全鑑定項目.html,0,法規名稱： 社區及部落互助教保服務中心辦理結構安全鑑定項目 公發布日： 民國 106 年 10 月 05 日 發文字號： 臺教授國部字第1060089232B號 令 法規體系： 國民及學前教育
全國性法律,社會教育機構或法人辦理高級中等以下學校及幼兒園教師進修認可作業須知,完成,https://edu.law.moe.gov.tw/LawContent.aspx?id=GL000737,全國性法律\社會教育機構或法人辦理高級中等以下學校及幼兒園教師進修認可作業須知.html,0,法規名稱： 社會教育機構或法人辦理高級中等以下學校及幼兒園教師進修認可作業須知 公發布日： 民國 101 年 12 月 04 日 修正日期： 民國 111 年 10 月 25 日 發文字號： 臺教師（三）字第1112604523A號 令 法規體系： 師資培育及藝術教育
全國性法律,社會教育機構或法人辦理高級中等以下學校及幼兒園教師進修認可小組及審查小組設置要點,完成,https://edu.law.moe.gov.tw/LawContent.aspx?id=FL028950,全國性法律\社會教育機構或法人辦理高級中等以下學校及幼兒園教師進修認可小組及審查小組設置要點.html,0,法規名稱： 社會教育機構或法人辦理高級中等以下學校及幼兒園教師進修認可小組及審查小組設置要點 公發布日： 民國 93 年 01 月 02 日 修正日期： 民國 104 年 10 月 07 日 發文字號： 臺教師(三)字第1040131664號 函 法規體系： 師資培育及藝術教育
全國性法律,社會教育機構或法人辦理高級中等以下學校及幼兒園教師進修認可辦法,完成,https://edu.law.moe.gov.tw/LawContent.aspx?id=FL025756,全國性法律\社會教育機構或法人辦理高級中等以下學校及幼兒園教師進修認可辦法.html,1,法規名稱： 社會教育機構或法人辦理高級中等以下學校及幼兒園教師進修認可辦法 公發布日： 民國 92 年 08 月 01 日 修正日期： 民國 107 年 04 月 09 日 發文字號： 臺教師(三)字第1070046382B號 令 法規體系： 師資培育及藝術教育 立法理由： 社會教育機構或法人辦理高級中等以下學校及幼兒園教師進修認可辦法總說明及對照表.pdf
全國性法律,私立高級中等以下外國僑民學校及附設幼兒園設立及管理辦法,完成,https://edu.law.moe.gov.tw/LawContent.aspx?id=FL008805,全國性法律\私立高級中等以下外國僑民學校及附設幼兒園設立及管理辦法.html,5,法規名稱： 私立高級中等以下外國僑民學校及附設幼兒園設立及管理辦法 英 公發布日： 民國 64 年 09 月 05 日 修正日期： 民國 102 年 09 月 09 日 發文字號： 臺教文(五)字第1020128631B號 令 法規體系： 國際及兩岸教育 立法理由： 0971231立法理由.pdf 0990906A立法理由.pdf 1020909立法理由.pdf 私立高級中等以下外國僑民學校及附設幼稚園設立及管理辦法 立法理由.txt 圖表附件： 行政院公報電子檔.pdf
全國性法律,私立高級中等以下學校及幼兒園個人資料檔案安全維護計畫實施辦法,完成,https://edu.law.moe.gov.tw/LawContent.aspx?id=GL001692,全國性法律\私立高級中等以下學校及幼兒園個人資料檔案安全維護計畫實施辦法.html,2,法規名稱： 私立高級中等以下學校及幼兒園個人資料檔案安全維護計畫實施辦法 公發布日： 民國 106 年 11 月 22 日 修正日期： 民國 110 年 12 月 08 日 發文字號： 臺教授國部字第1100152056A號 令 法規體系： 國民及學前教育 立法理由： 1101208立法理由.pdf 圖表附件： 第十三條附件 個人資料侵害事故通報與紀錄表.pdf
全國性法律,職場互助式教保服務實施辦法,完成,https://edu.law.moe.gov.tw/LawContent.aspx?id=GL001914,全國性法律\職場互助式教保服務實施辦法.html,3,法規名稱： 職場互助式教保服務實施辦法 公發布日： 民國 108 年 07 月 10 日 修正日期： 民國 114 年 02 月 07 日 發文字號： 臺教授國部字第1145600098A號 令 法規體系： 國民及學前教育 立法理由： 1110124立法理由.pdf (112.2.27)職場互助式教保服務實施辦法修正總說明及對照表.pdf (114.02.07)立法理由.pdf
全國性法律,職場互助教保服務中心委託辦理甄選審議基準,完成,https://edu.law.moe.gov.tw/LawContent.aspx?id=GL002059,全國性法律\職場互助教保服務中心委託辦理甄選審議基準.html,7,法規名稱： 職場互助教保服務中心委託辦理甄選審議基準 公發布日： 民國 110 年 03 月 25 日 修正日期： 民國 114 年 11 月 20 日 發文字號： 臺教授國部字第1145602631A號 令 法規體系： 國民及學前教育 圖表附件： 1141120第9點附件9.pdf 附件一 委託辦理職場互助教保服務中心資格檢核彙總表.pdf 附件四之一 職場互助教保服務中心工作小組成員利益迴避切結書.pdf 附件四之二 職場互助教保服務中心工作小組成員保密切結書.pdf 職場互助教保服務中心委託辦理甄選審議基準第三點附件二、附件三、第六點附件五、第七點附件七之一、附件八、第九點附件九修正規定.pdf 附件六 職場互助教保服務中心甄選審議流程表.pdf 附件七之二 審議會委員意見彙整表.pdf
全國性法律,職場互助教保服務中心設立許可證書(格式),完成,https://edu.law.moe.gov.tw/LawContent.aspx?id=GL002352,全國性法律\職場互助教保服務中心設立許可證書(格式).html,1,法規名稱： 職場互助教保服務中心設立許可證書(格式) 公發布日： 民國 108 年 10 月 03 日 修正日期： 民國 114 年 07 月 16 日 發文字號： 臺教授國部字第1145601571A號 令 法規體系： 國民及學前教育 圖表附件： 1140716職場互助教保服務中心設立許可證書（格式）修正規定.pdf
全國性法律,莫拉克颱風受災幼稚園幼童就學安置及補助注意事項,已廢止或停止適用，排除,https://edu.law.moe.gov.tw/LawContent.aspx?id=FL050196,,0,法規名稱： 廢 莫拉克颱風受災幼稚園幼童就學安置及補助注意事項 公發布日： 民國 98 年 08 月 31 日 廢止日期： 民國 99 年 06 月 14 日 發文字號： 台國(三)字第0990077152C號 法規體系： 國民及學前教育
全國性法律,行政程序法,完成,https://law.moj.gov.tw/LawClass/LawAll.aspx?pcode=A0030055,全國性法律\行政程序法.html,0,法規名稱： 行政程序法 EN 修正日期： 民國 110 年 01 月 20 日 法規類別： 行政 ＞ 法務部 ＞ 法律事務目
全國性法律,行政罰法,完成,https://law.moj.gov.tw/LawClass/LawAll.aspx?pcode=A0030210,全國性法律\行政罰法.html,0,法規名稱： 行政罰法 EN 修正日期： 民國 111 年 06 月 15 日 法規類別： 行政 ＞ 法務部 ＞ 法律事務目
全國性法律,非營利幼兒園委託及申請辦理甄選審議基準,完成,https://edu.law.moe.gov.tw/LawContent.aspx?id=GL001975,全國性法律\非營利幼兒園委託及申請辦理甄選審議基準.html,7,法規名稱： 非營利幼兒園委託及申請辦理甄選審議基準 公發布日： 民國 109 年 03 月 02 日 修正日期： 民國 114 年 11 月 20 日 發文字號： 臺教授國部字第1145602632A號 令 法規體系： 國民及學前教育 圖表附件： 1141120第三點附件三、第九點附件十一之一、第九點附件十一之二.pdf 附件五之一 非營利幼兒園審議會委員利益迴避切結書.pdf 附件五之二 非營利幼兒園工作小組成員利益迴避切結書.pdf 附件六之一 非營利幼兒園審議會委員保密切結書.pdf 附件六之二 非營利幼兒園工作小組成員保密切結書.pdf 附件八 非營利幼兒園甄選審議流程表.odt 非營利幼兒園委託及申請辦理甄選審議基準第三點附件一至附件四、第六點附件七、第七點附件九、附件十、第九點附件十一之一、附件十一之二修正規定.pdf
全國性法律,非營利幼兒園實施辦法,完成,https://edu.law.moe.gov.tw/LawContent.aspx?id=GL000699,全國性法律\非營利幼兒園實施辦法.html,10,法規名稱： 非營利幼兒園實施辦法 公發布日： 民國 101 年 09 月 14 日 修正日期： 民國 114 年 02 月 07 日 發文字號： 臺教授國部字第1145600084A號 令 法規體系： 國民及學前教育 立法理由： (111.7.28)立法理由.pdf 1101230立法理由.pdf (112.2.27)非營利幼兒園實施辦法部分條文修正總說明及對照表.pdf 1121225立法理由.pdf (114.02.07)立法理由.pdf 圖表附件： (111.7.28)非營利幼兒園實施辦法附表一.pdf (111.7.28)非營利幼兒園實施辦法第二十一條附表二、三、四.pdf (112.2.27)非營利幼兒園實施辦法附表.pdf 112.12.25非營利幼兒園實施辦法附表.pdf (114.02.07)附件.pdf
全國性法律,非營利幼兒園會計財務及經費處理注意事項,完成,https://edu.law.moe.gov.tw/LawContent.aspx?id=GL001480,全國性法律\非營利幼兒園會計財務及經費處理注意事項.html,1,法規名稱： 非營利幼兒園會計財務及經費處理注意事項 公發布日： 民國 104 年 09 月 18 日 修正日期： 民國 112 年 04 月 19 日 發文字號： 臺教國署幼字第1120040631A號 令 法規體系： 國民及學前教育 圖表附件： (112.4.19)非營利幼兒園會計財務及經費處理注意事項附件.pdf
全國性法律,高級中等以下學校及幼兒園原住民族語師資培育及聘用辦法,完成,https://edu.law.moe.gov.tw/LawContent.aspx?id=GL002142,全國性法律\高級中等以下學校及幼兒園原住民族語師資培育及聘用辦法.html,1,法規名稱： 高級中等以下學校及幼兒園原住民族語師資培育及聘用辦法 公發布日： 民國 111 年 01 月 07 日 修正日期： 民國 114 年 06 月 27 日 發文字號： 臺教師（二）字第1142601345A號;原民教字第11400309341號 令 法規體系： 師資培育及藝術教育 立法理由： 1140627立法理由.pdf
全國性法律,高級中等以下學校及幼兒園因應空氣品質惡化處理措施暨緊急應變作業流程,完成,https://edu.law.moe.gov.tw/LawContent.aspx?id=GL001315,全國性法律\高級中等以下學校及幼兒園因應空氣品質惡化處理措施暨緊急應變作業流程.html,1,法規名稱： 高級中等以下學校及幼兒園因應空氣品質惡化處理措施暨緊急應變作業流程 公發布日： 民國 103 年 06 月 09 日 修正日期： 民國 112 年 12 月 18 日 發文字號： 臺教資（六）字第1122704940A號 令 法規體系： 資訊及科技教育 圖表附件： 高級中等以下學校及幼兒園因應空氣品質惡化處理措施暨緊急應變作業流程附件.pdf
全國性法律,高級中等以下學校及幼兒園客語師資培育資格及聘用辦法,完成,https://edu.law.moe.gov.tw/LawContent.aspx?id=GL001974,全國性法律\高級中等以下學校及幼兒園客語師資培育資格及聘用辦法.html,2,法規名稱： 高級中等以下學校及幼兒園客語師資培育資格及聘用辦法 公發布日： 民國 109 年 02 月 21 日 修正日期： 民國 112 年 12 月 29 日 發文字號： 臺教師（二）字第1122604968A號;客會語字第11200115922號 令 法規體系： 師資培育及藝術教育 立法理由： 1090221立法理由.pdf 1121229立法理由.pdf
全國性法律,高級中等以下學校及幼兒園推動臺灣母語日活動實施要點,完成,https://edu.law.moe.gov.tw/LawContent.aspx?id=FL039616,全國性法律\高級中等以下學校及幼兒園推動臺灣母語日活動實施要點.html,0,法規名稱： 高級中等以下學校及幼兒園推動臺灣母語日活動實施要點 公發布日： 民國 95 年 06 月 21 日 修正日期： 民國 113 年 08 月 26 日 發文字號： 臺教社（四）字第1132402381A號 令 法規體系： 終身教育
全國性法律,高級中等以下學校及幼兒園教師證書核發辦法,完成,https://edu.law.moe.gov.tw/LawContent.aspx?id=GL001814,全國性法律\高級中等以下學校及幼兒園教師證書核發辦法.html,4,法規名稱： 高級中等以下學校及幼兒園教師證書核發辦法 公發布日： 民國 107 年 10 月 16 日 修正日期： 民國 115 年 07 月 16 日 發文字號： 臺教師（四）字第1152601828A號 令 法規體系： 師資培育及藝術教育 立法理由： (111.9.30)高級中等以下學校及幼兒園教師證書核發辦法部分條文修正立法理由.pdf 1140618立法理由.pdf 1150716立法理由.pdf 圖表附件： 1150716第2條附件一.pdf
全國性法律,高級中等以下學校及幼兒園教師證書申請補發換發作業要點,完成,https://edu.law.moe.gov.tw/LawContent.aspx?id=GL001198,全國性法律\高級中等以下學校及幼兒園教師證書申請補發換發作業要點.html,1,法規名稱： 高級中等以下學校及幼兒園教師證書申請補發換發作業要點 公發布日： 民國 102 年 10 月 21 日 修正日期： 民國 114 年 10 月 28 日 發文字號： 臺教師（四）字第1142602482A號 令 法規體系： 師資培育及藝術教育 圖表附件： 1141028附件.pdf
全國性法律,高級中等以下學校及幼兒園教師資格考試命題作業要點,完成,https://edu.law.moe.gov.tw/LawContent.aspx?id=GL000454,全國性法律\高級中等以下學校及幼兒園教師資格考試命題作業要點.html,0,法規名稱： 高級中等以下學校及幼兒園教師資格考試命題作業要點 公發布日： 民國 99 年 09 月 14 日 修正日期： 民國 113 年 09 月 19 日 發文字號： 臺教師（四）字第1132602902A號 令 法規體系： 師資培育及藝術教育
全國性法律,高級中等以下學校及幼兒園教師資格考試審議會設置要點,完成,https://edu.law.moe.gov.tw/LawContent.aspx?id=FL050294,全國性法律\高級中等以下學校及幼兒園教師資格考試審議會設置要點.html,0,法規名稱： 高級中等以下學校及幼兒園教師資格考試審議會設置要點 公發布日： 民國 92 年 10 月 06 日 修正日期： 民國 107 年 01 月 10 日 發文字號： 臺教師(二)字第1060180481B號 令 法規體系： 師資培育及藝術教育
全國性法律,高級中等以下學校及幼兒園教師資格考試專案辦公室設置及運作要點,完成,https://edu.law.moe.gov.tw/LawContent.aspx?id=GL002194,全國性法律\高級中等以下學校及幼兒園教師資格考試專案辦公室設置及運作要點.html,3,法規名稱： 高級中等以下學校及幼兒園教師資格考試專案辦公室設置及運作要點 公發布日： 民國 111 年 12 月 16 日 修正日期： 民國 113 年 05 月 17 日 發文字號： 臺教師(四)字第 1132601616 號函 法規體系： 人事 立法理由： (111.12.14)立法理由.pdf (113.05.17)立法理由.pdf 全文檔案： (111.12.14)全文.pdf
全國性法律,高級中等以下學校及幼兒園教師資格考試收費標準,完成,https://edu.law.moe.gov.tw/LawContent.aspx?id=FL033832,全國性法律\高級中等以下學校及幼兒園教師資格考試收費標準.html,5,法規名稱： 高級中等以下學校及幼兒園教師資格考試收費標準 公發布日： 民國 94 年 01 月 31 日 修正日期： 民國 106 年 12 月 19 日 發文字號： 臺教師(二)字第1060165706B號 令 法規體系： 師資培育及藝術教育 立法理由： 高級中等以下學校及幼稚園教師資格檢定考試收費標準 立法理由.pdf 0940131立法理由.pdf 1020723立法理由.pdf 1060626高級中等以下學校及幼兒園教師資格檢定考試收費標準第二條總說明及對照表.pdf 1061219高級中等以下學校及幼兒園教師資格考試收費標準總說明及對照表.pdf
全國性法律,高級中等以下學校及幼兒園教師資格考試辦法,完成,https://edu.law.moe.gov.tw/LawContent.aspx?id=FL025711,全國性法律\高級中等以下學校及幼兒園教師資格考試辦法.html,1,法規名稱： 高級中等以下學校及幼兒園教師資格考試辦法 公發布日： 民國 92 年 07 月 31 日 修正日期： 民國 113 年 12 月 24 日 發文字號： 臺教師（四）字第1132604162A號 令 法規體系： 師資培育及藝術教育 立法理由： (1131224)立法理由.pdf
全國性法律,高級中等以下學校及幼兒園特殊教育班班級與專責單位設置及人員進用辦法,完成,https://edu.law.moe.gov.tw/LawContent.aspx?id=GL000702,全國性法律\高級中等以下學校及幼兒園特殊教育班班級與專責單位設置及人員進用辦法.html,7,法規名稱： 高級中等以下學校及幼兒園特殊教育班班級與專責單位設置及人員進用辦法 公發布日： 民國 101 年 09 月 14 日 修正日期： 民國 113 年 05 月 03 日 發文字號： 臺教授國部字第1135700931A號 令 法規體系： 國民及學前教育 立法理由： 1010914立法理由.pdf 1030410立法理由.pdf 1060705立法理由.pdf 1071113立法理由.pdf 1090628立法理由.pdf 1130503立法理由.pdf 圖表附件： 高級中等以下學校及幼兒園特殊教育班班級與專責單位設置及人員進用辦法附表.pdf
全國性法律,高級中等以下學校及幼兒園特殊教育評鑑辦法,完成,https://edu.law.moe.gov.tw/LawContent.aspx?id=GL000517,全國性法律\高級中等以下學校及幼兒園特殊教育評鑑辦法.html,3,法規名稱： 高級中等以下學校及幼兒園特殊教育評鑑辦法 公發布日： 民國 100 年 05 月 16 日 修正日期： 民國 113 年 04 月 29 日 發文字號： 臺教授國部字第1135700920A號 令 法規體系： 國民及學前教育 立法理由： 1000516立法理由.pdf 1090212立法理由.pdf 1130429立法理由.pdf
全國性法律,高級中等以下學校及幼兒園英文版教師證明書及英文版教師資格認可證明文件申請作業要點,完成,https://edu.law.moe.gov.tw/LawContent.aspx?id=GL001298,全國性法律\高級中等以下學校及幼兒園英文版教師證明書及英文版教師資格認可證明文件申請作業要點.html,1,法規名稱： 高級中等以下學校及幼兒園英文版教師證明書及英文版教師資格認可證明文件申請作業要點 公發布日： 民國 103 年 04 月 21 日 修正日期： 民國 114 年 11 月 25 日 發文字號： 臺教師（四）字第1142602975A號 令 法規體系： 師資培育及藝術教育 圖表附件： 1141125附件.pdf
全國性法律,高級中等以下學校及幼兒園身心障礙學生及幼兒鑑定評估人員資格權益及培訓辦法,完成,https://edu.law.moe.gov.tw/LawContent.aspx?id=GL002264,全國性法律\高級中等以下學校及幼兒園身心障礙學生及幼兒鑑定評估人員資格權益及培訓辦法.html,2,法規名稱： 高級中等以下學校及幼兒園身心障礙學生及幼兒鑑定評估人員資格權益及培訓辦法 公發布日： 民國 113 年 04 月 29 日 發文字號： 臺教授國部字第1135700921A號 令 法規體系： 學生事務及特殊教育 立法理由： 1130429立法理由.pdf 圖表附件： 高級中等以下學校及幼兒園身心障礙學生及幼兒鑑定評估人員資格權益及培訓辦法附表.pdf
全國性法律,高級中等以下學校及幼兒園閩南語師資培育及聘用辦法,完成,https://edu.law.moe.gov.tw/LawContent.aspx?id=GL002126,全國性法律\高級中等以下學校及幼兒園閩南語師資培育及聘用辦法.html,2,法規名稱： 高級中等以下學校及幼兒園閩南語師資培育及聘用辦法 公發布日： 民國 110 年 11 月 11 日 修正日期： 民國 112 年 11 月 30 日 發文字號： 臺教師（二）字第1122604642A號 令 法規體系： 師資培育及藝術教育 立法理由： 1121130立法理由.pdf 1101111總說明及逐條說明.pdf
全國性法律,高級中等以下學校學生及教保服務機構幼兒團體保險條例,完成,https://edu.law.moe.gov.tw/LawContent.aspx?id=GL001776,全國性法律\高級中等以下學校學生及教保服務機構幼兒團體保險條例.html,0,法規名稱： 高級中等以下學校學生及教保服務機構幼兒團體保險條例 英 公發布日： 民國 107 年 06 月 20 日 發文字號： 華總一義字第10700065641號 令 法規體系： 國民及學前教育
全國性法律,高級中等以下學校學生及教保服務機構幼兒團體保險條例生效令,個別解釋令或生效公告，排除,https://edu.law.moe.gov.tw/LawContent.aspx?id=GL001918,,0,法規名稱： 高級中等以下學校學生及教保服務機構幼兒團體保險條例生效令 公發布日： 民國 108 年 07 月 10 日 發文字號： 院臺教字第1080093665號 令 法規體系： 國民及學前教育
全國性法律,高級中等以下教育階段學生及教保服務機構幼兒團體保險保險費審議會組織及運作辦法,完成,https://edu.law.moe.gov.tw/LawContent.aspx?id=GL001876,全國性法律\高級中等以下教育階段學生及教保服務機構幼兒團體保險保險費審議會組織及運作辦法.html,1,法規名稱： 高級中等以下教育階段學生及教保服務機構幼兒團體保險保險費審議會組織及運作辦法 公發布日： 民國 108 年 04 月 12 日 發文字號： 臺教授國部字第1080034155B號 令 法規體系： 國民及學前教育 立法理由： 1080412立法理由.pdf
全國性法律,高級中等以下教育階段學生及教保服務機構幼兒團體保險效力理賠補助及管理辦法,完成,https://edu.law.moe.gov.tw/LawContent.aspx?id=GL001907,全國性法律\高級中等以下教育階段學生及教保服務機構幼兒團體保險效力理賠補助及管理辦法.html,1,法規名稱： 高級中等以下教育階段學生及教保服務機構幼兒團體保險效力理賠補助及管理辦法 公發布日： 民國 108 年 07 月 01 日 發文字號： 臺教授國部字第1080066536B號 令 法規體系： 國民及學前教育 立法理由： 1080701立法理由.pdf
全國性法律,高級中等以下教育階段學生及教保服務機構幼兒團體保險爭議處理辦法,完成,https://edu.law.moe.gov.tw/LawContent.aspx?id=GL001891,全國性法律\高級中等以下教育階段學生及教保服務機構幼兒團體保險爭議處理辦法.html,1,法規名稱： 高級中等以下教育階段學生及教保服務機構幼兒團體保險爭議處理辦法 公發布日： 民國 108 年 05 月 27 日 發文字號： 臺教授國部字第1080051389B號 令 法規體系： 國民及學前教育 立法理由： 1080527立法理由.pdf
全國性法律,高級中等學校幼兒保育相關學程及科認定標準,完成,https://edu.law.moe.gov.tw/LawContent.aspx?id=GL000700,全國性法律\高級中等學校幼兒保育相關學程及科認定標準.html,3,法規名稱： 高級中等學校幼兒保育相關學程及科認定標準 公發布日： 民國 101 年 09 月 14 日 修正日期： 民國 107 年 07 月 25 日 發文字號： 臺教師(二)字第1070110040B號 令 法規體系： 師資培育及藝術教育 立法理由： 1010914立法理由.pdf 1070330立法理由.pdf 1070725立法理由.pdf
地方性法規,新北市偏遠地區公立學校附設幼兒園契約進用教保員地域加給支給補充規定,完成,https://web.law.ntpc.gov.tw/Scripts/FLAWDAT0202.aspx?fcode=C0050292,地方性法規\新北市偏遠地區公立學校附設幼兒園契約進用教保員地域加給支給補充規定.html,0,法規名稱： 新北市偏遠地區公立學校附設幼兒園契約進用教保員地域加給支給補充規定 公發布時間： 民國 115 年 07 月 16 日
地方性法規,新北市公私立學校及幼兒園腸病毒通報及停課作業規定,完成,https://web.law.ntpc.gov.tw/Scripts/FLAWDAT0202.aspx?fcode=C0050079,地方性法規\新北市公私立學校及幼兒園腸病毒通報及停課作業規定.html,0,法規名稱： 新北市公私立學校及幼兒園腸病毒通報及停課作業規定 修正時間： 民國 114 年 02 月 08 日
地方性法規,新北市公私立高級中等以下學校及幼兒園性侵害及性騷擾犯罪案件被害人涉訟補助要點,完成,https://web.law.ntpc.gov.tw/Scripts/FLAWDAT0202.aspx?fcode=C0050200,地方性法規\新北市公私立高級中等以下學校及幼兒園性侵害及性騷擾犯罪案件被害人涉訟補助要點.html,0,法規名稱： 新北市公私立高級中等以下學校及幼兒園性侵害及性騷擾犯罪案件被害人涉訟補助要點 公發布時間： 民國 103 年 03 月 10 日
地方性法規,新北市公私立高級中等以下學校及幼兒園特殊優良教師遴選要點,完成,https://web.law.ntpc.gov.tw/Scripts/FLAWDAT0202.aspx?fcode=C0050035,地方性法規\新北市公私立高級中等以下學校及幼兒園特殊優良教師遴選要點.html,1,法規名稱： 新北市公私立高級中等以下學校及幼兒園特殊優良教師遴選要點 修正時間： 民國 115 年 01 月 09 日
地方性法規,新北市公立幼兒園及非營利幼兒園優先招收需要協助幼兒辦法,完成,https://web.law.ntpc.gov.tw/Scripts/FLAWDAT0202.aspx?fcode=C0050172,地方性法規\新北市公立幼兒園及非營利幼兒園優先招收需要協助幼兒辦法.html,0,法規名稱： 新北市公立幼兒園及非營利幼兒園優先招收需要協助幼兒辦法 修正時間： 民國 112 年 07 月 12 日
地方性法規,新北市公立幼兒園及非營利幼兒園新生入園注意事項,已廢止或停止適用，排除,https://web.law.ntpc.gov.tw/Scripts/FLAWDAT0202.aspx?fcode=C0050133,,0,法規名稱： 新北市公立幼兒園及非營利幼兒園新生入園注意事項 廢止時間： 民國 107 年 01 月 01 日
地方性法規,新北市公立幼兒園園長遴聘及公立學校附設幼兒園專任主任任期辦法,完成,https://web.law.ntpc.gov.tw/Scripts/FLAWDAT0202.aspx?fcode=C0050176,地方性法規\新北市公立幼兒園園長遴聘及公立學校附設幼兒園專任主任任期辦法.html,0,法規名稱： 新北市公立幼兒園園長遴聘及公立學校附設幼兒園專任主任任期辦法 修正時間： 民國 113 年 07 月 31 日
地方性法規,新北市公立幼兒園契約進用教保員遷調作業補充規定,完成,https://web.law.ntpc.gov.tw/Scripts/FLAWDAT0202.aspx?fcode=C0050246,地方性法規\新北市公立幼兒園契約進用教保員遷調作業補充規定.html,0,法規名稱： 新北市公立幼兒園契約進用教保員遷調作業補充規定 修正時間： 民國 111 年 11 月 16 日
地方性法規,新北市公立幼兒園行政組織及員額編制基準,完成,https://web.law.ntpc.gov.tw/Scripts/FLAWDAT0202.aspx?fcode=C0050198,地方性法規\新北市公立幼兒園行政組織及員額編制基準.html,0,法規名稱： 新北市公立幼兒園行政組織及員額編制基準 修正時間： 民國 115 年 05 月 22 日
地方性法規,新北市國民中小學與教保服務機構辦理學生及幼兒團體保險辦法,已廢止或停止適用，排除,https://web.law.ntpc.gov.tw/Scripts/FLAWDAT0202.aspx?fcode=C0050006,,0,法規名稱： 新北市國民中小學與教保服務機構辦理學生及幼兒團體保險辦法 廢止時間： 民國 112 年 02 月 08 日
地方性法規,新北市學前教育階段身心障礙特殊教育班設置及調整原則,完成,https://web.law.ntpc.gov.tw/Scripts/FLAWDAT0202.aspx?fcode=C0050235,地方性法規\新北市學前教育階段身心障礙特殊教育班設置及調整原則.html,0,法規名稱： 新北市學前教育階段身心障礙特殊教育班設置及調整原則 公發布時間： 民國 105 年 04 月 22 日
地方性法規,新北市學前教育階段身心障礙集中式特殊教育班實施要點,完成,https://web.law.ntpc.gov.tw/Scripts/FLAWDAT0202.aspx?fcode=C0050245,地方性法規\新北市學前教育階段身心障礙集中式特殊教育班實施要點.html,0,法規名稱： 新北市學前教育階段身心障礙集中式特殊教育班實施要點 公發布時間： 民國 106 年 05 月 03 日
地方性法規,新北市幼兒園家長會設置及運作辦法,完成,https://web.law.ntpc.gov.tw/Scripts/FLAWDAT0202.aspx?fcode=C0050161,地方性法規\新北市幼兒園家長會設置及運作辦法.html,0,法規名稱： 新北市幼兒園家長會設置及運作辦法 修正時間： 民國 112 年 05 月 03 日
地方性法規,新北市幼兒園輔導普通班身心障礙幼兒實施要點,完成,https://web.law.ntpc.gov.tw/Scripts/FLAWDAT0202.aspx?fcode=C0050244,地方性法規\新北市幼兒園輔導普通班身心障礙幼兒實施要點.html,0,法規名稱： 新北市幼兒園輔導普通班身心障礙幼兒實施要點 公發布時間： 民國 106 年 05 月 03 日
地方性法規,新北市幼兒園辦理校外教學活動注意事項,完成,https://web.law.ntpc.gov.tw/Scripts/FLAWDAT0202.aspx?fcode=C0050254,地方性法規\新北市幼兒園辦理校外教學活動注意事項.html,0,法規名稱： 新北市幼兒園辦理校外教學活動注意事項 修正時間： 民國 113 年 08 月 02 日
地方性法規,新北市政府委託民間辦理幼兒園實施辦法,完成,https://web.law.ntpc.gov.tw/Scripts/FLAWDAT0202.aspx?fcode=C0050002,地方性法規\新北市政府委託民間辦理幼兒園實施辦法.html,0,法規名稱： 新北市政府委託民間辦理幼兒園實施辦法 修正時間： 民國 103 年 11 月 05 日
地方性法規,新北市政府幼兒教保服務諮詢會設置辦法,完成,https://web.law.ntpc.gov.tw/Scripts/FLAWDAT0202.aspx?fcode=C0050162,地方性法規\新北市政府幼兒教保服務諮詢會設置辦法.html,0,法規名稱： 新北市政府幼兒教保服務諮詢會設置辦法 修正時間： 民國 112 年 05 月 24 日
地方性法規,新北市政府所屬各級學校及幼兒園辦理教師敘獎處理原則,完成,https://web.law.ntpc.gov.tw/Scripts/FLAWDAT0202.aspx?fcode=C0050050,地方性法規\新北市政府所屬各級學校及幼兒園辦理教師敘獎處理原則.html,1,法規名稱： 新北市政府所屬各級學校及幼兒園辦理教師敘獎處理原則 修正時間： 民國 111 年 01 月 28 日
地方性法規,新北市政府教保服務機構不適任人員認定委員會設置要點,已廢止或停止適用，排除,https://web.law.ntpc.gov.tw/Scripts/FLAWDAT0202.aspx?fcode=C0050263,,0,法規名稱： 新北市政府教保服務機構不適任人員認定委員會設置要點 廢止時間： 民國 112 年 11 月 09 日
地方性法規,新北市政府教保服務機構教保服務申訴評議會設置及評議辦法,完成,https://web.law.ntpc.gov.tw/Scripts/FLAWDAT0202.aspx?fcode=C0050163,地方性法規\新北市政府教保服務機構教保服務申訴評議會設置及評議辦法.html,0,法規名稱： 新北市政府教保服務機構教保服務申訴評議會設置及評議辦法 修正時間： 民國 112 年 05 月 03 日
地方性法規,新北市政府教育局學前特殊教育輔導分團設置及運作要點,完成,https://web.law.ntpc.gov.tw/Scripts/FLAWDAT0202.aspx?fcode=C0050286,地方性法規\新北市政府教育局學前特殊教育輔導分團設置及運作要點.html,0,法規名稱： 新北市政府教育局學前特殊教育輔導分團設置及運作要點 公發布時間： 民國 114 年 05 月 06 日
地方性法規,新北市政府教育局所屬公立各級學校暨幼兒園護理人員請假期間代理人員進用原則,完成,https://web.law.ntpc.gov.tw/Scripts/FLAWDAT0202.aspx?fcode=C0050255,地方性法規\新北市政府教育局所屬公立各級學校暨幼兒園護理人員請假期間代理人員進用原則.html,0,法規名稱： 新北市政府教育局所屬公立各級學校暨幼兒園護理人員請假期間代理人員進用原則 修正時間： 民國 113 年 09 月 10 日
地方性法規,新北市政府教育局教保輔導團設置要點,完成,https://web.law.ntpc.gov.tw/Scripts/FLAWDAT0202.aspx?fcode=C0050252,地方性法規\新北市政府教育局教保輔導團設置要點.html,0,法規名稱： 新北市政府教育局教保輔導團設置要點 修正時間： 民國 114 年 07 月 29 日
地方性法規,新北市政府特殊教育學生及幼兒鑑定安置輔導申訴評議會設置要點,完成,https://web.law.ntpc.gov.tw/Scripts/FLAWDAT0202.aspx?fcode=C0050070,地方性法規\新北市政府特殊教育學生及幼兒鑑定安置輔導申訴評議會設置要點.html,0,法規名稱： 新北市政府特殊教育學生及幼兒鑑定安置輔導申訴評議會設置要點 修正時間： 民國 114 年 11 月 10 日
地方性法規,新北市政府處理違反幼兒教育及照顧法與教保服務人員條例事件裁罰基準,完成,https://web.law.ntpc.gov.tw/Scripts/FLAWDAT0202.aspx?fcode=C0050134,地方性法規\新北市政府處理違反幼兒教育及照顧法與教保服務人員條例事件裁罰基準.html,2,法規名稱： 新北市政府處理違反幼兒教育及照顧法與教保服務人員條例事件裁罰基準 修正時間： 民國 112 年 12 月 04 日
地方性法規,新北市政府辦理弱勢幼兒教育津貼實施要點,完成,https://web.law.ntpc.gov.tw/Scripts/FLAWDAT0202.aspx?fcode=C0050181,地方性法規\新北市政府辦理弱勢幼兒教育津貼實施要點.html,0,法規名稱： 新北市政府辦理弱勢幼兒教育津貼實施要點 修正時間： 民國 112 年 12 月 15 日
地方性法規,新北市教保服務機構及其教保服務人員獎勵辦法,完成,https://web.law.ntpc.gov.tw/Scripts/FLAWDAT0202.aspx?fcode=C0050177,地方性法規\新北市教保服務機構及其教保服務人員獎勵辦法.html,0,法規名稱： 新北市教保服務機構及其教保服務人員獎勵辦法 修正時間： 民國 112 年 05 月 10 日
地方性法規,新北市教保服務機構收退費辦法,完成,https://web.law.ntpc.gov.tw/Scripts/FLAWDAT0202.aspx?fcode=C0050159,地方性法規\新北市教保服務機構收退費辦法.html,1,法規名稱： 新北市教保服務機構收退費辦法 修正時間： 民國 114 年 03 月 05 日
地方性法規,新北市立國民中小學及幼兒園教師申請介聘他校服務作業要點,已廢止或停止適用，排除,https://web.law.ntpc.gov.tw/Scripts/FLAWDAT0202.aspx?fcode=C0050114,,0,法規名稱： 新北市立國民中小學及幼兒園教師申請介聘他校服務作業要點 廢止時間： 民國 114 年 05 月 08 日
地方性法規,新北市立國民中小學及幼兒園超額教師輔導介聘實施要點,完成,https://web.law.ntpc.gov.tw/Scripts/FLAWDAT0202.aspx?fcode=C0050055,地方性法規\新北市立國民中小學及幼兒園超額教師輔導介聘實施要點.html,0,法規名稱： 新北市立國民中小學及幼兒園超額教師輔導介聘實施要點 修正時間： 民國 113 年 09 月 20 日
地方性法規,新北市立高級中等以下學校及幼兒園教師兼任行政職務人員激勵獎金發給要點,完成,https://web.law.ntpc.gov.tw/Scripts/FLAWDAT0202.aspx?fcode=C0050293,地方性法規\新北市立高級中等以下學校及幼兒園教師兼任行政職務人員激勵獎金發給要點.html,0,法規名稱： 新北市立高級中等以下學校及幼兒園教師兼任行政職務人員激勵獎金發給要點 公發布時間： 民國 115 年 08 月 10 日
地方性法規,新北市立高級中等以下學校與幼兒園及特殊教育學校特殊教育教師每週教學節數標準,完成,https://web.law.ntpc.gov.tw/Scripts/FLAWDAT0202.aspx?fcode=C0050287,地方性法規\新北市立高級中等以下學校與幼兒園及特殊教育學校特殊教育教師每週教學節數標準.html,2,法規名稱： 新北市立高級中等以下學校與幼兒園及特殊教育學校特殊教育教師每週教學節數標準 公發布時間： 民國 114 年 06 月 04 日
地方性法規,新北市身心障礙幼兒就讀公立幼兒園及非營利幼兒園實施要點,完成,https://web.law.ntpc.gov.tw/Scripts/FLAWDAT0202.aspx?fcode=C0050044,地方性法規\新北市身心障礙幼兒就讀公立幼兒園及非營利幼兒園實施要點.html,0,法規名稱： 新北市身心障礙幼兒就讀公立幼兒園及非營利幼兒園實施要點 修正時間： 民國 112 年 12 月 21 日
地方性法規,新北市高中職以下各級學校及社教機構學生幼童交通車管理要點,已廢止或停止適用，排除,https://web.law.ntpc.gov.tw/Scripts/FLAWDAT0202.aspx?fcode=C0050074,,0,法規名稱： 新北市高中職以下各級學校及社教機構學生幼童交通車管理要點 廢止時間： 民國 102 年 12 月 30 日
地方性法規,新北市高級中等以下學校及幼兒園特殊教育方案實施辦法,完成,https://web.law.ntpc.gov.tw/Scripts/FLAWDAT0202.aspx?fcode=C0050143,地方性法規\新北市高級中等以下學校及幼兒園特殊教育方案實施辦法.html,0,法規名稱： 新北市高級中等以下學校及幼兒園特殊教育方案實施辦法 修正時間： 民國 115 年 08 月 05 日
